member_id,score,rank
4626,0.7188019956381296,1
4377,0.714206815289144,2
6026,0.7136062199474377,3
1895,0.7125828084652959,4
4249,0.7123114671319438,5
1634,0.7120336254562443,6
8655,0.6924936864572263,7
737,0.6917273233877408,8
5867,0.6917035162977561,9
373,0.6912179705636741,10
8066,0.691095965543587,11
2621,0.6909294718839487,12
8399,0.6906465629080951,13
3503,0.6904964711962001,14
1308,0.6898602444941784,15
6860,0.6898602444941784,16
3643,0.6895767965201367,17
8860,0.6894981408598331,18
237,0.6894981408598331,19
3589,0.6893799792963726,20
9793,0.6892666809140434,21
923,0.6891870410312471,22
1290,0.6891870410312471,23
4987,0.6889222639736801,24
9692,0.6888684924963572,25
224,0.6884148654980599,26
5063,0.6880546007094789,27
3776,0.6875076236195955,28
3892,0.674611271060518,29
4946,0.6744999332968247,30
9136,0.6737161990780366,31
3140,0.6715211068623391,32
729,0.6706781768243864,33
4759,0.6705013513187478,34
5957,0.670009837488018,35
5101,0.6699728142657438,36
3340,0.6696865852287521,37
7020,0.6696865852287521,38
9262,0.6694314782250945,39
6466,0.6693935357162266,40
3061,0.6691703051617433,41
9349,0.6689520996050253,42
8214,0.6688381617775345,43
4303,0.6684107854203033,44
8383,0.6683995313709428,45
1083,0.6682811319469067,46
8525,0.6680195007416252,47
1507,0.6679545521348088,48
2734,0.6678096990794952,49
3624,0.667754610720577,50
3365,0.6676866718278793,51
7104,0.6676322721633596,52
7527,0.6675045973638214,53
2389,0.6673265315327771,54
9596,0.6673141266041772,55
2090,0.6673022967053177,56
7320,0.6670194484078856,57
2707,0.6669612252740279,58
7276,0.6668441679919453,59
988,0.6668089555547398,60
2086,0.6667319320901252,61
452,0.6667183311831133,62
7734,0.6666911212749794,63
1440,0.6665498523567178,64
3545,0.6662653114786397,65
2385,0.6662529025659361,66
5251,0.6661624864941841,67
3988,0.6660525578834552,68
7986,0.6660429670087357,69
915,0.6657947175106816,70
2063,0.6657197601961765,71
6473,0.6655945940502356,72
2031,0.6654859953680621,73
2311,0.6654403055745833,74
1726,0.6654403055745833,75
7957,0.6653437698874364,76
6426,0.6652508240314412,77
9832,0.665214571695227,78
8463,0.6650497960539141,79
1490,0.6649696010832777,80
7461,0.6649346287447929,81
4168,0.6648240992801813,82
7387,0.6648240992801813,83
1350,0.6647779394723669,84
499,0.6645298991180412,85
2848,0.6640631291626278,86
7960,0.6636532138303194,87
5465,0.6634128296439361,88
5548,0.6625050772848681,89
3541,0.6618625616598824,90
3749,0.6615147295705048,91
4217,0.6464374420468032,92
8320,0.6462663388341677,93
3245,0.646199250034418,94
1905,0.6461674195249217,95
1569,0.646102379480138,96
2682,0.6458262175152373,97
9165,0.6457985562776,98
4073,0.6456399969300464,99
4398,0.6453045933016816,100
5760,0.645260993178183,101
9080,0.6452233291513283,102
7843,0.6450998795100752,103
4163,0.6449531738681741,104
2082,0.6447975040429416,105
4960,0.6447514638349902,106
9276,0.6446473230595158,107
6226,0.6445275019999905,108
1900,0.6445141113721023,109
3347,0.6444885320602657,110
8562,0.6444885320602657,111
8925,0.6444748487262482,112
3355,0.6444748277649558,113
5421,0.6444679173329934,114
7997,0.6444409437068792,115
4658,0.6443902409532082,116
4514,0.6441751745456539,117
7530,0.6439736780310026,118
322,0.6439400931392002,119
4111,0.6439016995524506,120
1243,0.643729276775749,121
565,0.6436899888218175,122
2192,0.6436734019615171,123
8546,0.6436494495362884,124
6709,0.643616455430517,125
3980,0.6435362508580507,126
1781,0.6433934067275303,127
8846,0.6433531697601991,128
233,0.6432688608253361,129
5271,0.6432323607710559,130
7930,0.6432304349608651,131
1873,0.6431773824074498,132
6605,0.6430555194371772,133
5482,0.643017475413738,134
1244,0.6429212481938641,135
1172,0.6429065314099746,136
8788,0.6428713490632489,137
6826,0.6428439127105039,138
8497,0.6428386888764039,139
1109,0.6427376396120786,140
2821,0.6426977352354241,141
3002,0.6425556023428868,142
6002,0.6422838637757778,143
412,0.6422017427323173,144
924,0.6420932860561673,145
9438,0.6420772457713385,146
1479,0.6419428114345646,147
789,0.6418185799560147,148
8408,0.6417689035537311,149
8733,0.6416548506017639,150
1298,0.641385945586596,151
3616,0.6412207624389992,152
7226,0.6411362305979899,153
6455,0.641133220232454,154
8985,0.6410883170469748,155
4396,0.6409354690852025,156
2253,0.640908874972336,157
5023,0.6408290306336301,158
7108,0.6407200869277115,159
7409,0.6406623293670498,160
6138,0.6406474034999148,161
1377,0.6405008457938561,162
5988,0.6404677381553006,163
3028,0.6404654081290484,164
5083,0.6403333989671715,165
5048,0.6402261748297678,166
7489,0.640144898675383,167
1668,0.6400769511456519,168
4559,0.6400412707419159,169
5001,0.6400326373218578,170
2142,0.6399903224112949,171
222,0.639926976357012,172
6007,0.6398836667971595,173
3519,0.6398792450620356,174
7416,0.6391797052824695,175
2483,0.6391103657189304,176
9244,0.6390366101605216,177
7537,0.6384689210824248,178
3874,0.6384392950305715,179
2182,0.6384038763226535,180
8885,0.6384035439942009,181
2958,0.638312008833964,182
9927,0.6380331734405189,183
6011,0.6379133760660689,184
6112,0.6377553897763951,185
4214,0.637476969990692,186
3536,0.6371273736030677,187
7137,0.6356241356528929,188
6160,0.6352061146853472,189
609,0.6344958723708904,190
1660,0.6342158724672954,191
7605,0.6341954686773572,192
3530,0.632374289270312,193
1092,0.6238408728335527,194
2259,0.6235508351132908,195
5804,0.6221241921484025,196
112,0.6216027604504955,197
2832,0.6215828398127916,198
5154,0.621542531659778,199
5872,0.621324865346087,200
8036,0.6212774664868834,201
2271,0.6212095687495225,202
3472,0.6211112396310727,203
7580,0.6210660833570227,204
9553,0.6209869530745624,205
7301,0.6209475203388358,206
4571,0.6206341528402869,207
5187,0.6204376970582711,208
3798,0.6203659870281355,209
2669,0.6203419321843733,210
3873,0.6198409330842077,211
3222,0.6198302261794333,212
1772,0.6198017544750307,213
4912,0.6196179245246916,214
4730,0.6195694987445292,215
379,0.6194195810210749,216
9650,0.6194004948410428,217
2434,0.6193727486761398,218
9659,0.6192718448250378,219
7600,0.6192019616879367,220
891,0.6191434096590469,221
9447,0.619135165023865,222
1778,0.6190020763981486,223
3855,0.6189450808446914,224
5831,0.6189156210122325,225
4358,0.6188892523951888,226
9361,0.6188299509485831,227
5014,0.6188080184638234,228
4433,0.6188010667183127,229
7377,0.6187653678296968,230
2119,0.6187240607750186,231
6891,0.6186526309185851,232
3247,0.6186498448399009,233
8668,0.6186470909690743,234
2802,0.6186271941583121,235
2539,0.6185654775808986,236
7820,0.6185080073545691,237
8632,0.6184964897704451,238
2030,0.6184755989191856,239
2598,0.6183940659423227,240
2519,0.6183748397893666,241
3834,0.6183686460946629,242
4989,0.6183328304847118,243
5886,0.6180511891979318,244
327,0.6180198415234315,245
6391,0.6179525582811028,246
3127,0.6177771315311543,247
8783,0.6177147318808837,248
6141,0.6176411697364576,249
7713,0.6176376905458139,250
4547,0.6175418002815918,251
4220,0.6175364879443488,252
5771,0.6175235337734037,253
9314,0.6175109481876854,254
1455,0.6174929200581384,255
7118,0.617470489624394,256
7639,0.6174108733308806,257
6724,0.617404309937151,258
5694,0.6173712011388266,259
8270,0.6173156000212238,260
9102,0.6172881878650572,261
6627,0.6172832275618392,262
5500,0.6172822813089429,263
3050,0.6172709514677339,264
3510,0.6172012676309186,265
1764,0.6172000062970376,266
4417,0.6172000062970376,267
6076,0.6171756087073339,268
5288,0.6171660518017112,269
8952,0.6171582359110409,270
3835,0.6171555985485451,271
6561,0.6170483221699332,272
4260,0.6168497586974161,273
3731,0.6167933674583039,274
1731,0.6167803609181777,275
7577,0.6167514175618873,276
8030,0.6167359109999072,277
1795,0.616675227760287,278
2694,0.6166512673481148,279
6779,0.6166347676122969,280
9392,0.616417680211317,281
1566,0.6163590951725804,282
3117,0.6163448450129805,283
3204,0.616181825009368,284
8200,0.6161602153222022,285
5601,0.6160751692720903,286
3282,0.6160721591261673,287
4797,0.615986220162618,288
1409,0.615980153576051,289
3934,0.6159528186545017,290
8421,0.6158165783944596,291
1504,0.6157450069649659,292
3023,0.6156800278744082,293
3910,0.615619825768948,294
3238,0.6155979384161028,295
7432,0.6155206420507202,296
9422,0.6154716995037423,297
5152,0.6154179160654316,298
6544,0.6153847398630963,299
191,0.6153816668180503,300
2842,0.6153716730043718,301
2916,0.6152381092258438,302
5184,0.6152295983864667,303
3904,0.6151810167686645,304
7324,0.6151685130147115,305
8714,0.6151024329648224,306
6101,0.6151017254403007,307
9860,0.6150457140186583,308
1486,0.6150047973453091,309
7532,0.6149399300487702,310
6083,0.6148404599798971,311
177,0.6148268632482287,312
3064,0.6147686054270484,313
9641,0.6146629493848856,314
8956,0.6146628069106508,315
1656,0.6146472686425446,316
1661,0.6145987529766466,317
8980,0.6145341465477956,318
8105,0.614400418402957,319
5155,0.6143352056065862,320
2795,0.6142751293518819,321
859,0.6141412903763566,322
5041,0.6141022740343138,323
2470,0.6140717399649886,324
6555,0.6140098968368066,325
8731,0.6139640600285533,326
8156,0.6139146769519672,327
732,0.6137505238642667,328
8973,0.6137501209657572,329
7405,0.6136927254317626,330
9526,0.61361940323183,331
3285,0.6135784302050941,332
1095,0.6135724630869307,333
9795,0.613499229583616,334
3233,0.6133486210145683,335
2423,0.613290478082986,336
4642,0.6130310594243968,337
2352,0.6130230042627846,338
5963,0.612965568816757,339
7472,0.6129458858658061,340
2485,0.6128912231456249,341
2075,0.6126783242274836,342
3788,0.612126548122125,343
6084,0.6119343501584562,344
8716,0.6115916419357783,345
9773,0.6114053095819966,346
7959,0.6113827235362254,347
4842,0.6112757091692319,348
5247,0.6111137016172342,349
1297,0.6106868970592053,350
9374,0.6106790084782174,351
2475,0.6106495702690817,352
5777,0.6104308792001444,353
5343,0.6093330808330927,354
4828,0.6090654133549254,355
744,0.6087711063667649,356
7336,0.6081553863232846,357
6229,0.6074974907936881,358
7061,0.6073480219579753,359
6059,0.606608618358848,360
8800,0.606123832166876,361
3422,0.605986608117223,362
664,0.6053979423951963,363
7364,0.60481801683101,364
1330,0.6042757784178004,365
7817,0.6042464059963393,366
1014,0.6036871871797834,367
7484,0.6026307352141131,368
9178,0.6021691268893251,369
2374,0.6002746719729097,370
5985,0.6000036397970302,371
6187,0.5994234796689489,372
7287,0.5981269821379456,373
8679,0.5978681390266206,374
3120,0.597822954507144,375
2382,0.5975117426766968,376
5335,0.5972554153387656,377
9021,0.5971012867957379,378
6829,0.596930635851133,379
7028,0.5966463956663576,380
4771,0.5964938857419946,381
6784,0.5964739669442604,382
1272,0.5963565276254486,383
6070,0.5963407328627871,384
7607,0.5960167955876496,385
3042,0.5958943231599453,386
803,0.5957393259710944,387
4926,0.5957192072371283,388
2572,0.5956695152791196,389
3812,0.5955832642218328,390
874,0.5954631570289529,391
1103,0.5954199252511837,392
651,0.5953757475732009,393
782,0.5952113521536453,394
3017,0.5951728573591424,395
4212,0.5950474901741263,396
4997,0.5950159640463317,397
6884,0.5947534240870002,398
7982,0.5947534240870002,399
396,0.594744733954674,400
6261,0.5947413063417673,401
4486,0.594716417280597,402
6500,0.5946569635067137,403
4901,0.594432891584464,404
4403,0.5944129402251683,405
9164,0.5943473954719456,406
1064,0.5942816352637704,407
9264,0.5942239945315501,408
9545,0.5941737761452369,409
2609,0.5941287739429872,410
5786,0.5941145085318627,411
4281,0.5941132716210401,412
7189,0.5940256537597104,413
6351,0.5939786225029977,414
8670,0.5939189790236066,415
853,0.5938888143420372,416
5740,0.5938828632252714,417
3869,0.5938648446644602,418
8433,0.5938311984903973,419
4012,0.5936711780617935,420
5521,0.5936670773380643,421
6706,0.593597946763304,422
1625,0.5935959253985219,423
6415,0.5935787291472117,424
5624,0.5935670595797036,425
9592,0.5934687991522,426
9870,0.5934500487848956,427
8703,0.5933907123957309,428
3289,0.5933592389335767,429
8536,0.5933200519012274,430
4020,0.5933035519173374,431
2329,0.5932951771594223,432
6845,0.5932330269934774,433
59,0.5931719806397973,434
1815,0.5931486194862498,435
675,0.5930816462647607,436
9295,0.5930490357094311,437
7671,0.5930481622290693,438
1891,0.5930432997421308,439
8167,0.5929909492945072,440
7785,0.592934944145565,441
7444,0.59284439617186,442
3031,0.5928322227445602,443
2017,0.5928060053224968,444
239,0.5927961995090968,445
4681,0.5927545333619398,446
4734,0.5927425075832461,447
5689,0.5926939234483481,448
1730,0.5926820361960763,449
7088,0.592681095946243,450
4600,0.5926491773025062,451
4525,0.5926445612172214,452
6347,0.5926028702602147,453
5324,0.5925952445790933,454
4551,0.592552260405489,455
4497,0.592521370985601,456
880,0.5923855231442353,457
173,0.5923413255772506,458
5397,0.592283389443194,459
5836,0.5922023115982895,460
3816,0.59218416424589,461
6645,0.5921588311258061,462
7928,0.5920864673074455,463
2525,0.5920852383639378,464
5703,0.5920428968885354,465
5649,0.5919740943532763,466
6702,0.5919381354198504,467
6143,0.5918765239301619,468
8928,0.5918459524868,469
1881,0.591834935103104,470
2084,0.5918300013956319,471
9815,0.5917352805276338,472
3421,0.5917340141228639,473
4487,0.5917123146715562,474
9588,0.5916919625156539,475
3261,0.5916306647240418,476
1909,0.5915952736128524,477
1675,0.5915689589197336,478
5010,0.5915163136116032,479
3832,0.5914974436087066,480
2138,0.5914296975387932,481
1045,0.5913938408673655,482
4051,0.5913854018802448,483
1428,0.5912906486963745,484
6048,0.5912507143496583,485
2167,0.5911359732186859,486
9159,0.5910867651624372,487
1894,0.5910844652148921,488
7265,0.5910726160350445,489
9101,0.591065456496308,490
5785,0.5910470310824919,491
7327,0.5910246818831809,492
9471,0.5909908149938073,493
5256,0.5909587484478925,494
9335,0.5909290155747697,495
531,0.590902874007192,496
9098,0.5908655063113571,497
7536,0.5908571280185345,498
9258,0.5907873778732905,499
3920,0.5907229118440749,500
3664,0.5905735127412032,501
3977,0.5905452832695883,502
8624,0.5905050942765913,503
6629,0.5904105495221001,504
4999,0.5903636648050922,505
8641,0.5903012790071157,506
7328,0.5902781212355236,507
9032,0.5902322999269826,508
7531,0.5902091134823758,509
5518,0.5901796664933184,510
8656,0.590127194866075,511
6806,0.5900971652149103,512
7054,0.5900514483656695,513
7325,0.5900095100269882,514
606,0.5900095100269881,515
4549,0.5899150112431062,516
1358,0.5899047584787819,517
6349,0.5898737490844099,518
5589,0.5898538888860126,519
6331,0.5897934849766011,520
5955,0.5897912290262692,521
2941,0.5897593193342446,522
6567,0.5897585239923581,523
4007,0.5896782836844717,524
7456,0.5896650893170197,525
5471,0.5896628721911052,526
9220,0.5896311958511403,527
6692,0.5896233971817862,528
9754,0.5894990826125368,529
4931,0.589484270461743,530
2806,0.5894087240620824,531
5039,0.5893995793442152,532
9034,0.5892931637065761,533
6093,0.5891920413136271,534
3651,0.5891469421106631,535
7445,0.5891249656093998,536
5577,0.5891193776658861,537
1543,0.5891120208968061,538
4366,0.5890437170488366,539
836,0.5890268819452275,540
2957,0.5889940674140193,541
6796,0.58891856991848,542
5778,0.5888432814543108,543
1801,0.5887065760687247,544
7856,0.5886385545196257,545
7391,0.5885908894889039,546
5672,0.5885636650854454,547
9895,0.5884858921869233,548
3055,0.5884746890325198,549
5954,0.5883521237105591,550
8814,0.5882744579955171,551
1885,0.5881449644304179,552
3635,0.5880373617749695,553
8078,0.5880178014300742,554
456,0.5879809211173139,555
7144,0.5879435001885679,556
4847,0.5879099026014789,557
8802,0.5879072538081431,558
5055,0.5879027652780173,559
4840,0.5878607638461969,560
7396,0.58784403204842,561
1456,0.5878091731434204,562
5606,0.5877778001044804,563
4475,0.5877511600288323,564
4077,0.5877460008495516,565
2926,0.5876952364039372,566
1679,0.5876116545801131,567
2472,0.5876078250189706,568
8732,0.5875921946895423,569
7380,0.5875590839321807,570
5508,0.5874207015769375,571
5517,0.5874192425286647,572
5475,0.5873760561132149,573
5308,0.5873507157977642,574
6208,0.5872108361264414,575
4855,0.5871907298615822,576
8115,0.5870186914592047,577
2038,0.5867540475522388,578
8037,0.5867430300693649,579
9610,0.5865725121688372,580
8298,0.5862807760292272,581
483,0.5861929947386872,582
6461,0.5861641898291611,583
5545,0.5861268331319696,584
7454,0.5860780943327876,585
6040,0.5859778504843497,586
7157,0.5858995829344346,587
6559,0.5855894781731723,588
2645,0.5855765780969625,589
3882,0.5852286532502073,590
5446,0.5852157498978314,591
269,0.5851942959636395,592
9135,0.5850488763601536,593
8261,0.5832451553083706,594
619,0.5827417282915412,595
2670,0.5826719410568878,596
2132,0.5808326395946561,597
5958,0.5794814372677833,598
2789,0.5793100529135826,599
1394,0.5789718804849325,600
8539,0.5787350560719207,601
4350,0.5775471867387708,602
7429,0.5773646551235412,603
7676,0.5761131461550156,604
5605,0.5755008928786447,605
1343,0.5754733492393913,606
9180,0.575421809435925,607
3157,0.5750290614914966,608
1057,0.5750277472526939,609
4058,0.5745011852225365,610
4304,0.5743267274167998,611
8859,0.5741260630709276,612
5290,0.5739111814418344,613
6547,0.573819542639444,614
9643,0.573695096749719,615
496,0.5735678345551178,616
9128,0.5734587432727168,617
4221,0.573329478728644,618
6863,0.5729368290595858,619
6944,0.572805648997249,620
166,0.572684366605823,621
7225,0.5725443314072077,622
3578,0.5724661860745118,623
3887,0.5723829650083444,624
9697,0.5722582653822301,625
3605,0.5721245377010692,626
6917,0.5720837749566482,627
1716,0.5720392625370718,628
1261,0.5713100241503135,629
17,0.5713084902889001,630
1553,0.5712201353774006,631
3907,0.5710549659742574,632
2361,0.5708994977201913,633
7996,0.5701251818478323,634
5350,0.5701116544264632,635
4308,0.5698467436767927,636
1254,0.5698315290570329,637
5561,0.5697230739494008,638
3041,0.5696090462577598,639
506,0.569546079962453,640
3727,0.5695370385790466,641
1229,0.5695108771206662,642
8766,0.5694250928090022,643
2266,0.5694120496300156,644
471,0.5692637169148504,645
8938,0.5692465658979371,646
2444,0.5691579530235902,647
3991,0.5690287971878805,648
5787,0.5689198857985117,649
5532,0.5689001680154993,650
2247,0.568831714376594,651
7495,0.5688201128015531,652
1157,0.5688101767472292,653
839,0.5687937121016903,654
6697,0.5686860707960759,655
3027,0.5686357953361569,656
7056,0.5686288719512251,657
2888,0.5685580693452673,658
7217,0.5685350639603963,659
4482,0.5685215513192737,660
3454,0.5684848060447455,661
3423,0.5684654826647517,662
3400,0.5684383309378503,663
6719,0.5684094047758297,664
6338,0.5683047640436063,665
9568,0.5681521744937195,666
8230,0.5681277471322117,667
374,0.5681261786099627,668
1416,0.5681144301768831,669
5426,0.568106471910461,670
5025,0.5680430023633328,671
6972,0.5680379927278071,672
2043,0.5680045728985117,673
4529,0.5679861875973056,674
1533,0.5677742963012419,675
5362,0.5677159950890309,676
8657,0.5677097010946253,677
7838,0.5676473258227448,678
4438,0.5675428553988849,679
1220,0.5675242259864287,680
1214,0.5674458469513163,681
9987,0.5673772303469445,682
6574,0.5673361061294002,683
1761,0.567284733428205,684
3544,0.5672186473401041,685
3958,0.5671648197537161,686
4192,0.5671489983647671,687
8403,0.567090021115238,688
8533,0.5669773742030321,689
6281,0.5669577523329974,690
9450,0.5669182935310779,691
7984,0.5669162379385393,692
963,0.5668057674234676,693
5212,0.5667075008903596,694
6114,0.5666727378387314,695
912,0.566655035660004,696
9527,0.5666419082054861,697
4708,0.5665722136228476,698
2324,0.566555847111467,699
2928,0.5664308207201091,700
9792,0.5664288528498517,701
2744,0.5663690105522754,702
1701,0.5663551492358962,703
1717,0.5662745092214538,704
9622,0.5661772887141074,705
3739,0.5661220536878704,706
8564,0.5660610827223467,707
9535,0.5659670718383343,708
787,0.5658986057371839,709
3270,0.5658910007036674,710
7819,0.5658420600949826,711
1274,0.5657912877529893,712
8582,0.5657445016856111,713
5971,0.5656480952509049,714
2092,0.5655633917076522,715
2997,0.5655519138097332,716
4995,0.5654915370733417,717
7161,0.565443918821574,718
6824,0.5653334800878099,719
8493,0.5653026688386368,720
5773,0.5652026813009099,721
5947,0.5651927710594196,722
6933,0.5651322115457884,723
5453,0.5650917026277914,724
79,0.5650647833344341,725
1510,0.5650247927986672,726
3925,0.5649801102664345,727
7564,0.5649379607419083,728
9941,0.564932309263577,729
150,0.5649277429869538,730
4538,0.5648909200584655,731
2557,0.5648356974374092,732
2668,0.5648277580506297,733
4501,0.5648205547651628,734
5110,0.5647975728741259,735
8446,0.5647490895858667,736
1687,0.5647487343855255,737
5920,0.5647362445439573,738
5868,0.5646211928423008,739
1196,0.5645893888703578,740
626,0.5645844317372064,741
9042,0.5645258762604843,742
3109,0.5645092394962427,743
5897,0.5645048432749448,744
1947,0.5645007525619626,745
7140,0.5644095051677746,746
9384,0.5643502111546455,747
2809,0.5643169747636094,748
6694,0.5642967937983496,749
1127,0.5642956271960755,750
7746,0.5642721545993773,751
3604,0.5642052875621024,752
6854,0.564166266743817,753
4969,0.5641564278770379,754
2879,0.5641530661755987,755
8083,0.5641371832556451,756
9570,0.5641124622950509,757
3628,0.5640614570588637,758
5570,0.563969009647628,759
2800,0.5639371526897664,760
4470,0.5639231963676126,761
3585,0.5638991519789737,762
9383,0.56389334005886,763
6916,0.5637783627688543,764
5437,0.5637778463358492,765
2286,0.5637254076067337,766
7910,0.5637096419025918,767
4069,0.5637030515091012,768
2081,0.5636930434936273,769
3136,0.5636110910766909,770
6976,0.5636040138666683,771
1255,0.5635059656344013,772
4267,0.5634837565070455,773
9157,0.563438439441285,774
9068,0.5634351059046268,775
4185,0.5633697814078401,776
1877,0.563298869513584,777
63,0.5632974774451693,778
1940,0.5632425985457696,779
889,0.5632389459083766,780
6350,0.5632199796918924,781
504,0.5631623142767851,782
9126,0.5631144508689472,783
5454,0.5630646536381634,784
5629,0.5630242899476616,785
5917,0.5630182363027881,786
3718,0.563008646050352,787
5491,0.5629915675691802,788
3232,0.5629369685406347,789
7403,0.5629324672587962,790
8778,0.5629008776672906,791
281,0.5628707361704183,792
9321,0.562863342326377,793
5084,0.5628483509124322,794
3511,0.5627862430241096,795
820,0.5627584584400395,796
7255,0.5627184231761325,797
6977,0.5626626255434257,798
186,0.5625911916200059,799
2675,0.5625564346347801,800
9003,0.5625224867424476,801
2267,0.5625221752931187,802
294,0.5624725188976868,803
1454,0.5624303242758417,804
1138,0.562418020404362,805
6867,0.5623904525626192,806
4271,0.5623636961842088,807
5027,0.5623303483695298,808
3108,0.5622712989516951,809
5887,0.5622263039313594,810
7961,0.5621386409874306,811
192,0.5621225408460188,812
6833,0.5621148306214744,813
8587,0.5619917607100373,814
3084,0.56189793862601,815
5587,0.5617491525336669,816
6404,0.561665030809407,817
5830,0.5616036896461464,818
7988,0.5615769415517727,819
4450,0.561559307325431,820
5945,0.5615428984282134,821
515,0.5615388623980209,822
8619,0.5615121452571814,823
2045,0.5614819954610158,824
7822,0.5614089466865588,825
8604,0.5614021678345222,826
4106,0.5613795245454988,827
1098,0.5612563906685196,828
8188,0.5612223135026133,829
6363,0.5612192370542736,830
1000,0.5610867670438734,831
7371,0.5610062432242702,832
3956,0.5609930571938596,833
8792,0.5608428666201709,834
8935,0.5608191050618759,835
9427,0.5607207223660006,836
9053,0.5607178135732128,837
5396,0.5606868776187469,838
6760,0.56068138839633,839
5277,0.5606451619217123,840
7562,0.5605605096145773,841
5270,0.5605125644943963,842
8426,0.5604463195809002,843
3192,0.5602585496972492,844
3522,0.5601940502432174,845
8182,0.5601341610678352,846
9016,0.5600442334542479,847
3735,0.5600344432766791,848
4457,0.5597660262168175,849
2923,0.5597282050913118,850
6669,0.5595759124625238,851
507,0.5594246653079645,852
1107,0.5589793866710239,853
6019,0.5589285224043434,854
8239,0.5588180957004131,855
8062,0.5587970032925006,856
4748,0.558653590632757,857
9722,0.5586171661015942,858
6246,0.5585998146713451,859
8785,0.5583041200522401,860
3408,0.5582980061664606,861
498,0.5578137053903062,862
6621,0.5577975239347429,863
2208,0.5577911711420426,864
8370,0.5577305562453863,865
2231,0.5575453888131463,866
7551,0.5570259930186122,867
7005,0.5565850184930814,868
1649,0.553678614274609,869
1421,0.5529175700156026,870
2945,0.5525738505305822,871
5169,0.5489795858238923,872
753,0.548968620261301,873
1302,0.548266288149403,874
5026,0.5478916705479613,875
7249,0.5477929555779633,876
2497,0.547654614980581,877
4138,0.5475204666517641,878
2939,0.5466185409879935,879
2882,0.5465876135398436,880
2122,0.5456212139777445,881
2205,0.5455528692772296,882
4763,0.5454772875639124,883
5519,0.5453385131006564,884
8274,0.5451104146080515,885
1548,0.5447865335944088,886
1349,0.5444638698166009,887
1178,0.5443866171512762,888
6167,0.5443525679252645,889
5065,0.5443483833314865,890
6047,0.5441414391957311,891
3098,0.544075756557162,892
9027,0.5440631932628686,893
5664,0.5439865914627113,894
2018,0.5439660757879236,895
7754,0.5438474435858055,896
4991,0.5438165962054736,897
6653,0.5438132143930874,898
4858,0.54354178853348,899
4682,0.5435184817790941,900
6937,0.5434990825505567,901
3688,0.5434773061882245,902
307,0.5434618336943643,903
6127,0.543449521293398,904
8080,0.5434185389204386,905
673,0.5433615197949787,906
64,0.5433272521430026,907
2501,0.5433169056858093,908
6794,0.5433103032104267,909
5995,0.5432485361198476,910
9385,0.5432174231245298,911
6541,0.543203889418533,912
5823,0.5431834928098209,913
2712,0.5431238574306042,914
6906,0.5430960831828668,915
5489,0.5430403551712684,916
3555,0.5429900131332407,917
4712,0.5428549091391075,918
8313,0.5427271509483678,919
5469,0.54267852038761,920
4881,0.5426477712466082,921
2893,0.5426477712466082,922
8092,0.5425900680987931,923
6589,0.5425485201046771,924
6507,0.5424468676631549,925
8594,0.5424192819385304,926
9821,0.5424128255831253,927
9446,0.542359352399651,928
9449,0.5423503189954147,929
1124,0.5422197465284259,930
5316,0.5421800550767429,931
7658,0.542165238709977,932
8402,0.5421070765221896,933
7169,0.5420145672905852,934
3707,0.5419483952383624,935
9151,0.5419239021950456,936
2285,0.5419215475900738,937
9623,0.5419075704015973,938
6498,0.5418511567687336,939
2426,0.5418298671666267,940
3574,0.5417558076255156,941
2244,0.5417454544321587,942
5748,0.5417292405405952,943
6618,0.541634900388213,944
5170,0.5415047226652747,945
3287,0.5415014197801767,946
8431,0.5414463325702318,947
4198,0.5414208888299893,948
725,0.5414092210587119,949
9082,0.5414043886460745,950
4504,0.5413953196124706,951
1620,0.5412700486384838,952
8277,0.5412449943316433,953
1359,0.5411456635519546,954
6590,0.5411412886437119,955
6858,0.5411402795095691,956
6575,0.5411309557741272,957
9530,0.5410962443322765,958
4104,0.5410858746918779,959
9745,0.5410498794897931,960
354,0.5409890213599063,961
5648,0.5409879017566182,962
4254,0.5409253186010106,963
9177,0.5409063073808178,964
4155,0.5408609403305539,965
5157,0.5408609403305539,966
18,0.5407372781943777,967
3364,0.5407066126176034,968
9894,0.54067238686644,969
9831,0.5406521135323914,970
4872,0.5406194347458504,971
2061,0.540598772819465,972
2973,0.5405985509075036,973
8135,0.5405852298162366,974
2689,0.5405378914705085,975
3619,0.540502691255629,976
3096,0.5404949602137759,977
2375,0.5404524348865705,978
5398,0.5403462362299477,979
1154,0.5403428167142554,980
8253,0.5403261273529785,981
3399,0.5403260641361042,982
5461,0.5402800492384758,983
8179,0.5401535925876629,984
2210,0.540131802669789,985
9070,0.5400772361545307,986
7633,0.5400673433593811,987
2494,0.5400255226283399,988
3394,0.5399971376156402,989
9665,0.5399966010730735,990
4841,0.5398982639706587,991
1931,0.5398430532557638,992
6400,0.5398227773373085,993
7672,0.5397430637163825,994
6674,0.5397392944573953,995
7412,0.5396839104863634,996
3013,0.5396168444466382,997
4804,0.5396165524292601,998
1734,0.5396143788145471,999
2141,0.5395883190386683,1000
6604,0.5394120524436558,1001
1339,0.539409569658437,1002
7367,0.5394041355970266,1003
4789,0.5393749501003615,1004
1451,0.5393555905249848,1005
8330,0.5393340110326857,1006
8049,0.5393331349996872,1007
7675,0.5392749402226046,1008
6296,0.5392233227071547,1009
1497,0.539208088891807,1010
1546,0.5391497380181899,1011
2051,0.539070851461952,1012
8592,0.5390534230218346,1013
9010,0.5390416295167705,1014
6932,0.5390320092328779,1015
1316,0.5389771363058653,1016
3561,0.5389478960282855,1017
2684,0.5389215916333235,1018
291,0.5388672736862619,1019
6133,0.5387951480867333,1020
1601,0.5387727524716773,1021
5644,0.53867940517709,1022
4252,0.5386487381291419,1023
2878,0.5385923659783903,1024
990,0.5385304847827698,1025
9634,0.5385093013739435,1026
4687,0.5385057981179399,1027
9418,0.5385030486465076,1028
5221,0.5384784266411138,1029
5179,0.5384338367070343,1030
5906,0.5384303882872843,1031
2136,0.5383453547063307,1032
4709,0.5383415125545277,1033
642,0.5383232306944188,1034
344,0.5383046433056974,1035
5921,0.5382973598630578,1036
1256,0.5382764575076868,1037
7224,0.5381852039460191,1038
5745,0.5381483976446129,1039
7733,0.5381235669390193,1040
7547,0.5380658199237829,1041
9813,0.5380422379074602,1042
6524,0.5380365125535297,1043
5273,0.5379297991016202,1044
4744,0.5378966081719028,1045
1236,0.5378661709953545,1046
337,0.5378609373862893,1047
8035,0.5378428716047685,1048
3627,0.5378224406669859,1049
3588,0.5378016315227744,1050
9873,0.5377366167303936,1051
8694,0.5377326306877847,1052
7304,0.5377167667731331,1053
2200,0.537711324587448,1054
1231,0.5377054443780692,1055
6641,0.5376288727053915,1056
615,0.5376071017203972,1057
5585,0.5376001413517855,1058
5274,0.5375481570749624,1059
4905,0.537538879899381,1060
395,0.5375093697163357,1061
5724,0.537462478449786,1062
8301,0.5374077188040047,1063
513,0.5374045375197899,1064
1536,0.5373930138654167,1065
4407,0.5373495434321045,1066
4006,0.5373412471050415,1067
3533,0.5373227050576874,1068
7098,0.5372922875429331,1069
2062,0.5372919150349805,1070
1745,0.5372489011207426,1071
8851,0.5372412277741409,1072
1067,0.5371849692376223,1073
4406,0.537180414004053,1074
7683,0.537155250888257,1075
9943,0.5371202215566883,1076
313,0.5370637221164996,1077
3921,0.5370588561211466,1078
9904,0.5370475912584529,1079
6681,0.537043344049252,1080
1039,0.5370412906970081,1081
8359,0.5369956271227886,1082
3699,0.5369930071445927,1083
2041,0.536992178930947,1084
9252,0.5369657530351191,1085
1598,0.5369329146563198,1086
604,0.5368498528526948,1087
8053,0.5368337262845587,1088
1003,0.5367526334675736,1089
8880,0.5367166434615708,1090
9803,0.536714712530872,1091
3379,0.5367074685765039,1092
9420,0.536663720333027,1093
819,0.5366517885175693,1094
2627,0.5366043140712716,1095
7449,0.5365853822337197,1096
6825,0.5365166342087271,1097
4833,0.536502038718554,1098
7419,0.5364827017674038,1099
5203,0.5364192090459765,1100
6951,0.5364132576645593,1101
1306,0.5362969889100722,1102
5746,0.5362571320769414,1103
2592,0.5362243151356593,1104
6751,0.5361635609921767,1105
5759,0.5361509084229311,1106
1016,0.5361466140910917,1107
6591,0.5360691523987782,1108
333,0.536044330223534,1109
5675,0.5359987408082028,1110
4715,0.5359859218414028,1111
8994,0.5359709749099819,1112
4176,0.5359462140242484,1113
7696,0.5358736173844088,1114
4186,0.5358357869579871,1115
1539,0.5358336997625436,1116
5712,0.5358138220399009,1117
2996,0.5357829834885549,1118
5595,0.5356955848949122,1119
5387,0.5356934977257611,1120
5502,0.535674094160209,1121
9247,0.5356719179484887,1122
552,0.5356352376593797,1123
3066,0.5356090589424187,1124
2642,0.5355784852324664,1125
6095,0.5355079470831056,1126
5131,0.5354910476659361,1127
2834,0.535311610449098,1128
8242,0.53527150133362,1129
8947,0.5352665318190277,1130
9566,0.5351601875220353,1131
3965,0.5351428554037195,1132
8568,0.5351237250674032,1133
1457,0.5350535372920129,1134
2676,0.5350059870906233,1135
2790,0.5348177665189552,1136
9243,0.5347617854660714,1137
2751,0.5347055644806037,1138
3751,0.534681677962047,1139
2582,0.5346641072803207,1140
7440,0.5346210183996457,1141
1651,0.5346025650687201,1142
2065,0.5345452572417324,1143
7583,0.5344983343542022,1144
1121,0.5344885913236784,1145
4821,0.5344676188290884,1146
5225,0.5344604818118746,1147
96,0.5344386795731744,1148
8600,0.534415049247658,1149
1972,0.5343612775726645,1150
1491,0.5343299049347853,1151
2513,0.534310455738324,1152
1913,0.5342904501120952,1153
5498,0.5342474067434727,1154
1705,0.5341283387126468,1155
9436,0.5341157139554182,1156
2976,0.5341118647372679,1157
7992,0.5340868112673918,1158
5782,0.5340730877196758,1159
9293,0.5340672067431231,1160
8378,0.5339897293850708,1161
1213,0.5339866178951376,1162
8798,0.5338642354316715,1163
603,0.5336197118469638,1164
7136,0.5335683769470112,1165
4870,0.5335506306145288,1166
659,0.5333540877617055,1167
4520,0.5331798801009614,1168
7332,0.533080898772393,1169
6270,0.5329899760101733,1170
9261,0.5329536307722142,1171
4421,0.5329391538151105,1172
94,0.5328727580359569,1173
8696,0.5327609073305927,1174
2544,0.5326554791848653,1175
1126,0.5325854587326148,1176
6994,0.5325167529388166,1177
3673,0.5324684875058014,1178
7880,0.5324419261286806,1179
8250,0.5323637731287626,1180
316,0.5322266995784459,1181
4061,0.5322068991985132,1182
262,0.5321246296331686,1183
5005,0.53210509294878,1184
907,0.5320291159014875,1185
7602,0.5318318140224099,1186
1896,0.5317486861317854,1187
9922,0.5315470248323294,1188
2566,0.5312081638445182,1189
8240,0.5311888796118787,1190
7504,0.5305650305313648,1191
4921,0.5304367104343789,1192
4074,0.5297045177825369,1193
3388,0.5294636176391674,1194
9327,0.5294487504028996,1195
7714,0.5293952232131994,1196
418,0.5293451371699409,1197
6178,0.5287639573611437,1198
3228,0.5280198320318391,1199
9734,0.5273505214734998,1200
9245,0.5255611892770745,1201
7644,0.5223671748276435,1202
2833,0.5222478048425249,1203
6869,0.5218149913416857,1204
4950,0.5212913874714264,1205
6421,0.5210669546611464,1206
2558,0.5205646725842252,1207
9326,0.5204483660692134,1208
9305,0.5199829547141968,1209
250,0.5199617669164279,1210
808,0.5197677307755714,1211
1476,0.5196127958427387,1212
6201,0.5188787281520211,1213
3549,0.5187826694162231,1214
7967,0.5187219097583444,1215
9726,0.5178376092493298,1216
2748,0.5176027430006583,1217
5411,0.5175630157557755,1218
9580,0.5174781279783528,1219
8971,0.5174064815925868,1220
65,0.5172400989403256,1221
6425,0.5171894237956566,1222
7588,0.5171844294362014,1223
5147,0.5171193924825533,1224
9740,0.5170582222523713,1225
5878,0.5170096570824609,1226
5765,0.5167922687897933,1227
8569,0.516690817824807,1228
9616,0.516547393287022,1229
5798,0.5165416806774991,1230
5174,0.5164896257596903,1231
8269,0.5164161812383586,1232
8144,0.5163495637566892,1233
6428,0.5163395313860862,1234
5784,0.5161781482438238,1235
2623,0.5160112308892537,1236
9078,0.5159848200122159,1237
5485,0.5159845264611703,1238
1141,0.5159765031498272,1239
6713,0.5159572737981963,1240
6856,0.5159402288882041,1241
6633,0.5159069292295587,1242
4625,0.5158937215344462,1243
7451,0.5158818359920391,1244
7093,0.5158506500339042,1245
8150,0.5157925237215771,1246
6678,0.5157836368182579,1247
9662,0.5157709877693517,1248
7342,0.5156811279986547,1249
7452,0.5156478236105697,1250
9684,0.5156058175501504,1251
9085,0.5155944619831613,1252
1984,0.515493840210622,1253
6358,0.5154926389795668,1254
7492,0.5154607059637056,1255
8874,0.5154135139828155,1256
7164,0.5153636178553526,1257
2587,0.5152991267796825,1258
6148,0.5152369101985248,1259
1669,0.5151960580119791,1260
5418,0.5151358357436356,1261
9357,0.5151002408589382,1262
6596,0.5150987622401136,1263
1612,0.5150147317979201,1264
3244,0.5149939381789519,1265
3008,0.5149892754245782,1266
8868,0.5149663160581456,1267
1264,0.5149274635252827,1268
2831,0.5148802555840477,1269
9511,0.5148757238486562,1270
5526,0.5148741694688643,1271
2407,0.514872180096481,1272
4524,0.5147831710630314,1273
1914,0.5147705364240776,1274
9992,0.5147053787555483,1275
5195,0.5146860680122894,1276
3250,0.5146723775738771,1277
9275,0.514637210564687,1278
8475,0.5146311049795611,1279
8871,0.5146256665887884,1280
4970,0.5145744354847491,1281
432,0.5145425656177532,1282
9657,0.5145401967523112,1283
3087,0.5144573076690409,1284
8896,0.5144540248407904,1285
5317,0.5144517070350771,1286
8499,0.5144016152169594,1287
1602,0.5143570072870567,1288
9271,0.5143285587518261,1289
2,0.5142844298353436,1290
2937,0.5142562073396669,1291
1011,0.5142078780914809,1292
3353,0.5142066693703266,1293
5761,0.5141566554247434,1294
2984,0.5141172864982402,1295
4197,0.5140777173500801,1296
4414,0.5139143294594664,1297
2952,0.513843682871233,1298
830,0.5137960408468275,1299
9856,0.5137265358823089,1300
9554,0.5137121857957972,1301
8744,0.5136806551146392,1302
5716,0.513637188870511,1303
8848,0.513623018084843,1304
9969,0.5136204951816661,1305
9759,0.5135873463262443,1306
7860,0.5135861813916579,1307
2803,0.5133961544012994,1308
4646,0.5133897231686932,1309
5641,0.5133814910714338,1310
9748,0.513355651310318,1311
4586,0.5132997077894044,1312
4535,0.5132542384324489,1313
6228,0.5131883835754392,1314
2667,0.5131770493989563,1315
8107,0.5130922361000015,1316
9791,0.5130520235254561,1317
9690,0.5130248395199996,1318
2155,0.512974098219249,1319
7365,0.5129691698620071,1320
5560,0.5129609662979693,1321
3436,0.5129199538631992,1322
2013,0.5127944005728464,1323
4154,0.5127673745335606,1324
8642,0.5126810755895594,1325
6386,0.5125790368082236,1326
3860,0.5125593286903094,1327
3,0.5125343556610339,1328
8086,0.5125257372510288,1329
9921,0.5125073359889878,1330
4290,0.5124933308081081,1331
4448,0.5124783710642626,1332
8207,0.5124670751300767,1333
748,0.512432838358675,1334
7401,0.5124013192914441,1335
7372,0.5123645950512267,1336
3753,0.5123636323549129,1337
6989,0.5123364441829115,1338
4817,0.512287243227816,1339
3374,0.5122868123340604,1340
7521,0.5122739297836318,1341
8199,0.5122615801476134,1342
7542,0.5122088795805545,1343
7556,0.5121250115572166,1344
2039,0.5120950538360524,1345
3883,0.5120882721616699,1346
5812,0.512047161001235,1347
3861,0.5119729451795125,1348
4787,0.5119399959857031,1349
8505,0.5119268181730071,1350
503,0.5119083780434687,1351
8303,0.5118713324391485,1352
6055,0.5118587704381241,1353
9876,0.5117715207709342,1354
6603,0.5116967127923616,1355
3912,0.5116831891791287,1356
6671,0.511627052454792,1357
6673,0.5116214595266272,1358
9248,0.5115966519910692,1359
6685,0.5115435105665128,1360
3819,0.5115432793298212,1361
5912,0.5115378985767743,1362
8799,0.5115225227474498,1363
4309,0.5115194142519255,1364
1646,0.511504742481042,1365
7448,0.511473381573389,1366
3475,0.5113985967762492,1367
1050,0.511373620033042,1368
1059,0.5113547478018167,1369
954,0.5113524993328998,1370
5204,0.5113391435674844,1371
9614,0.5113046257359357,1372
5236,0.5112988248678698,1373
8815,0.5112836009810031,1374
5738,0.5112477299268584,1375
9919,0.5112396616585541,1376
1948,0.5112353522542231,1377
824,0.5111668688554853,1378
5237,0.5111444543456592,1379
436,0.5111382113533907,1380
5935,0.5111333236382528,1381
2560,0.5111211969265812,1382
8360,0.5111205486672651,1383
6360,0.5111118199810971,1384
2935,0.5111058665249733,1385
1578,0.5110693692645052,1386
2607,0.5110680095938326,1387
3770,0.5110659126499437,1388
4003,0.5110008327889285,1389
8280,0.5109897741935766,1390
8557,0.510974028728623,1391
427,0.5109314738073738,1392
6085,0.5109082314674268,1393
8319,0.5109019172307132,1394
6286,0.510896763014577,1395
9163,0.5108807609783879,1396
647,0.5108271182016295,1397
8496,0.510819204835118,1398
2578,0.5108072062332197,1399
2466,0.5107595521092549,1400
1076,0.5106954371712792,1401
4387,0.5106422033205372,1402
128,0.5105767712356621,1403
9226,0.5105584662184486,1404
6988,0.5105552345010713,1405
2565,0.5104885811426265,1406
4782,0.5104526417491054,1407
5681,0.5104479969630598,1408
5196,0.5103957847355676,1409
2779,0.5103761902081044,1410
8699,0.510366431869561,1411
6170,0.5103375439407815,1412
1024,0.510315379271236,1413
4792,0.5102943608126069,1414
1403,0.5102850015248106,1415
4569,0.5102564809301048,1416
9850,0.5102521289929715,1417
7701,0.510216716852474,1418
6115,0.5101454771923831,1419
6423,0.510114370613376,1420
9470,0.5100639799083225,1421
1277,0.5100599393762683,1422
2817,0.5100230067873169,1423
7418,0.5099829706633704,1424
1483,0.5099348249988747,1425
1492,0.5099336602044768,1426
4861,0.5099320226273792,1427
5190,0.5099035411915395,1428
4719,0.5098786421350263,1429
916,0.5098581797464289,1430
8391,0.5098538608456986,1431
7404,0.5098437000196078,1432
2236,0.509819942182381,1433
6366,0.5098108694374344,1434
3143,0.5096599261124504,1435
9905,0.5095816381960706,1436
2262,0.509552245407199,1437
29,0.5095228650012045,1438
878,0.5094538508427695,1439
6957,0.5094410720286178,1440
8955,0.5094005399706248,1441
1395,0.5093418590803532,1442
9117,0.5092524693902631,1443
3412,0.5092058033762396,1444
9877,0.50914961636713,1445
7275,0.5091419537117272,1446
1990,0.509116196631597,1447
8317,0.5091012836592104,1448
9765,0.5090866918201382,1449
6634,0.509057991368873,1450
2397,0.5089930044330979,1451
5389,0.5089363533194834,1452
1485,0.5088465984319949,1453
4295,0.5087959840668503,1454
1792,0.5087805556756286,1455
3387,0.5087792214214714,1456
7223,0.508671691087335,1457
8424,0.5086284117336932,1458
2523,0.5086081804144938,1459
5380,0.5086004061361414,1460
4922,0.5085491667757186,1461
2613,0.508534085152428,1462
4118,0.5085231114516131,1463
4467,0.5085086289191547,1464
7499,0.508417602020203,1465
5520,0.5083179566822928,1466
9036,0.5082644098062311,1467
8570,0.5082396247786917,1468
4465,0.508228991703129,1469
7205,0.5081958171660763,1470
1303,0.5081795624870875,1471
6924,0.5080884816411507,1472
3333,0.5080670358811994,1473
6958,0.5080090752426344,1474
1642,0.5079046039399427,1475
6052,0.5078306244669417,1476
397,0.5077926884046917,1477
5835,0.5077049698563689,1478
2662,0.5076837634489326,1479
2034,0.5076411339323463,1480
282,0.5076247369747332,1481
1939,0.5076242246739531,1482
7213,0.5075859153274461,1483
2913,0.5075583455721056,1484
3744,0.507555467710533,1485
3396,0.5075500524027428,1486
7045,0.5075500524027428,1487
5375,0.5075298305037805,1488
8659,0.5075007613537617,1489
2373,0.5074954828901654,1490
837,0.5074944622368126,1491
1310,0.5074666097644012,1492
4951,0.507380643642745,1493
5979,0.5073721740928651,1494
3817,0.5073546479578748,1495
7379,0.5073177925212481,1496
6254,0.5072777127498517,1497
2454,0.5072596620644614,1498
6385,0.507249610948286,1499
9552,0.507223718918856,1500
2718,0.5071290163727113,1501
7897,0.5070829138982279,1502
8068,0.5070721983404092,1503
6283,0.5069779290419457,1504
3334,0.5069426287177865,1505
5543,0.5067558797864025,1506
9809,0.5067284686883583,1507
6805,0.5067056517845987,1508
1862,0.5066962373544104,1509
699,0.5066060887533972,1510
757,0.5065435457970976,1511
6841,0.50651427520654,1512
8122,0.5064111074919392,1513
7923,0.5063218528843811,1514
8631,0.5062762671333738,1515
4383,0.5062580216471987,1516
4536,0.5059733245903634,1517
68,0.505919679603674,1518
4044,0.505903653521007,1519
7812,0.5058783873846391,1520
1638,0.5057288994666085,1521
101,0.5056651440114894,1522
5457,0.5056176165129468,1523
447,0.5056008602801331,1524
9645,0.5055897192575113,1525
3468,0.5055471012347572,1526
5122,0.5054666042331596,1527
5905,0.5051065367922789,1528
6250,0.5050528290809065,1529
1515,0.5048905940038287,1530
445,0.5047704253409508,1531
8717,0.5047623204742056,1532
8442,0.5046863402730756,1533
1513,0.5045164085872547,1534
3866,0.5044548098668147,1535
5642,0.5043596983368203,1536
5849,0.5043310584704062,1537
7337,0.5042630443442956,1538
1585,0.5042486743058642,1539
9227,0.5042227470010051,1540
1736,0.5040852636594281,1541
6843,0.5040453102104647,1542
6521,0.5037652490372749,1543
3877,0.5037152308382649,1544
3823,0.5036732275515542,1545
8447,0.5033290880677191,1546
628,0.5030713465577269,1547
253,0.5028230306013608,1548
8844,0.5024770703612786,1549
3115,0.5015276566957503,1550
1865,0.501341554692463,1551
991,0.5007040042635371,1552
9298,0.5003247977259718,1553
3524,0.4962648068813031,1554
1445,0.4946546768960613,1555
8379,0.4940348892293661,1556
1206,0.4925034244831337,1557
6472,0.49246939000298723,1558
1366,0.49233990808420497,1559
1221,0.4920081363607669,1560
2989,0.4918415034391856,1561
1336,0.4913736959361166,1562
1854,0.4912225419565026,1563
4,0.49098388856844344,1564
1152,0.4908570631992912,1565
9467,0.49078529142483085,1566
3271,0.4907301465612731,1567
47,0.49063350996909677,1568
4324,0.4903148865582889,1569
7036,0.4902502798944827,1570
341,0.49021336023545575,1571
6155,0.49004888356931386,1572
8796,0.4900176526222158,1573
2127,0.48998208194869347,1574
7919,0.4899317758813035,1575
355,0.4898831960254042,1576
1902,0.48979674983098076,1577
5842,0.4897838403772526,1578
1413,0.4897571258984791,1579
8688,0.48951018121910717,1580
5037,0.48944244795392555,1581
5401,0.48942761129308954,1582
3046,0.4894265150910864,1583
8517,0.4894062819460297,1584
518,0.48932678835128673,1585
4474,0.4892312989142778,1586
5619,0.4891297875772482,1587
7384,0.48910701190231726,1588
6619,0.4890282936541279,1589
3237,0.4890175038369454,1590
5509,0.4889909408552687,1591
2320,0.4888500564912127,1592
1400,0.4887427193089102,1593
1340,0.48869925071991294,1594
5864,0.4886065846037104,1595
2946,0.48854704038503016,1596
4110,0.48851499654925884,1597
8890,0.48844832394101023,1598
6707,0.4884313916685403,1599
5082,0.4884311913269043,1600
1307,0.48842171757059266,1601
3926,0.48841122631562484,1602
2370,0.48823150349574823,1603
4796,0.4882312722639152,1604
5261,0.4882126432903787,1605
9639,0.4880708111366085,1606
9967,0.488020104856386,1607
7845,0.48795684656993993,1608
5177,0.487930812074363,1609
2391,0.4879259689727955,1610
1814,0.4877687330553635,1611
5653,0.48775441618119286,1612
2774,0.48766433297442546,1613
2871,0.4876515652160838,1614
8451,0.4876282359581979,1615
4932,0.4875802966888672,1616
1195,0.4874890320355179,1617
206,0.4874778841478321,1618
8445,0.4874715658370716,1619
8612,0.4874636536116223,1620
8024,0.48746081968623545,1621
8715,0.4873791931705261,1622
5481,0.48734689052574537,1623
9607,0.48726173826641866,1624
540,0.48725928122164186,1625
2303,0.48724932216576095,1626
8457,0.48717511314182693,1627
2102,0.48715912444399817,1628
8459,0.4871410483434747,1629
9269,0.4868841985979025,1630
9166,0.4868481125430589,1631
2824,0.48679968266962037,1632
7991,0.4867663116860629,1633
2663,0.4864952114805832,1634
5860,0.4864924713034648,1635
3409,0.48648836922547284,1636
6927,0.48648385624842855,1637
8247,0.4864153908084722,1638
3950,0.4863986705765796,1639
3597,0.48634303024353226,1640
7956,0.4863180935336695,1641
3908,0.486269845291865,1642
6935,0.48624879198376847,1643
817,0.48624851918022216,1644
6830,0.48622386562739733,1645
1179,0.48621322309386367,1646
317,0.48620188678735593,1647
7064,0.486182035530064,1648
4678,0.4861735787187055,1649
5541,0.48612429143904695,1650
9702,0.4861035811072943,1651
4654,0.4860942789417013,1652
1933,0.4860339575035225,1653
5080,0.4859773478592612,1654
4592,0.48593427301050934,1655
4436,0.4859282618583329,1656
9047,0.48590416151767063,1657
1474,0.48588061926351706,1658
4988,0.48587450818553785,1659
9701,0.4858232816914416,1660
194,0.4858193242773177,1661
2258,0.4857367622178789,1662
4742,0.48570441755565075,1663
9946,0.4856708530851465,1664
8160,0.485617997987178,1665
5829,0.4855509657159127,1666
220,0.48554107535878127,1667
8121,0.4854683549245863,1668
7145,0.4854456577666056,1669
7983,0.48543944311552445,1670
161,0.4853926589238301,1671
4513,0.4853837546036719,1672
2403,0.48531994419120267,1673
8727,0.4852500287949459,1674
3538,0.4852466056329251,1675
6896,0.48524264837475434,1676
2579,0.48518949446947424,1677
6711,0.485170983412177,1678
6330,0.48513140287225914,1679
3796,0.48508698567746616,1680
9829,0.4850792682182062,1681
5392,0.4850547566386745,1682
9095,0.4850092688078823,1683
5991,0.4849933834710549,1684
5659,0.48488007073058514,1685
7990,0.48487514844370944,1686
334,0.48485150364357155,1687
7632,0.4848318781107255,1688
6121,0.48475937911830175,1689
5433,0.48472297567915384,1690
1060,0.4847163980323754,1691
5178,0.4845973440770976,1692
6874,0.4845261327655856,1693
8124,0.48452190335746304,1694
2786,0.4844664982594829,1695
4023,0.4844111898726198,1696
4895,0.48438018253820114,1697
3160,0.48437773237909143,1698
4122,0.4843358625469168,1699
8082,0.48433312523514516,1700
646,0.48432791465525016,1701
8429,0.48432261491314504,1702
6943,0.4841568560123178,1703
5385,0.48415681488804824,1704
6280,0.4841495963973454,1705
3265,0.4841225466918186,1706
6043,0.48412239563217346,1707
6227,0.48411559389927933,1708
267,0.4840312427147346,1709
6808,0.48398236429209907,1710
8432,0.48391881410112153,1711
8216,0.48378932899383126,1712
258,0.4837806662568782,1713
2629,0.48371104427823225,1714
9822,0.4836491612547009,1715
9025,0.4836420646730825,1716
95,0.4836133898497053,1717
794,0.4836120382669234,1718
7414,0.48360291174279696,1719
2343,0.48357242471500556,1720
2775,0.48354742661972133,1721
964,0.4835010419654854,1722
4437,0.4834662002116762,1723
5134,0.4834606755351773,1724
3714,0.48340911156801303,1725
9112,0.48335458805486775,1726
6850,0.4832822655798866,1727
1338,0.4832738754473355,1728
4941,0.48325954254034226,1729
3359,0.48325445278132323,1730
9851,0.4832317291273602,1731
4584,0.4832100003801561,1732
2971,0.48319969471394986,1733
2570,0.4831972863534032,1734
2168,0.4831646819530722,1735
2079,0.48316088624450887,1736
4147,0.48313911082366057,1737
5770,0.4831118510507087,1738
9910,0.48309066122395833,1739
7122,0.48308484542648267,1740
8109,0.48304669887897955,1741
7980,0.4829822664790389,1742
9963,0.4829779722138222,1743
1524,0.48297244036950926,1744
3223,0.4829257170958807,1745
6609,0.48287656411736063,1746
8927,0.48286783873709427,1747
6636,0.4828613148259885,1748
4075,0.4828258099764155,1749
4811,0.48281083628545146,1750
3748,0.48273996894776416,1751
5176,0.48267289382693435,1752
9613,0.482655321340948,1753
3467,0.48265144377844443,1754
7383,0.48263908236090985,1755
115,0.48253789894067345,1756
8526,0.4824109240931533,1757
2139,0.4823615443408507,1758
6069,0.482351647567406,1759
4814,0.48233747661918913,1760
9525,0.48222519641869777,1761
6290,0.4821436267841035,1762
3332,0.482139010949526,1763
8210,0.4821023250779226,1764
2121,0.48209037118380604,1765
7617,0.4820724819728842,1766
464,0.48207146119546773,1767
1852,0.48206144321867395,1768
2113,0.4820304633054489,1769
8523,0.48196880633118055,1770
6571,0.48192730140224627,1771
6006,0.4818963781391357,1772
351,0.4818674460280096,1773
7950,0.48181123364216605,1774
5255,0.4818041356660987,1775
2860,0.48165652006751736,1776
3488,0.4816382667430901,1777
938,0.4816232800693091,1778
384,0.48158259733687225,1779
3854,0.4815254132052687,1780
1088,0.48152020146214514,1781
3029,0.4815149159842462,1782
3694,0.48143263694677596,1783
6827,0.4814239030612374,1784
8577,0.48135814787300024,1785
8918,0.4813478969248088,1786
1397,0.4813344945529983,1787
5138,0.481316457208669,1788
5100,0.4812592191031033,1789
404,0.4812128224943551,1790
2950,0.4811892034323068,1791
1117,0.48117376675307655,1792
4649,0.48115471097632867,1793
2819,0.4811527225583461,1794
7636,0.4811417323522107,1795
7872,0.48110274180842255,1796
6607,0.4808545467620155,1797
107,0.4807834609609262,1798
6964,0.48073864466689237,1799
5925,0.4806931824954949,1800
8012,0.4806791060799287,1801
6380,0.4806616791080717,1802
1785,0.48065399222687366,1803
3569,0.4806518447478139,1804
4472,0.4806165975831432,1805
4883,0.4806013867165943,1806
8754,0.4805866682870797,1807
8077,0.48057196777179423,1808
8944,0.48047560506283127,1809
8675,0.4804528149745638,1810
5222,0.48043261140760896,1811
4385,0.48040379125024324,1812
8380,0.4803365452090558,1813
6497,0.48029290330132524,1814
9134,0.480288250161324,1815
4540,0.48025194049624226,1816
1482,0.4802512692116192,1817
1559,0.4802054332461785,1818
1898,0.48017672428592356,1819
3871,0.48015378610393045,1820
6442,0.4800821128659201,1821
8099,0.4800470298504814,1822
8658,0.4798976281021284,1823
4098,0.47988681471247396,1824
1137,0.4798285335115161,1825
7783,0.47982741257439665,1826
927,0.4797985406852252,1827
6715,0.4797327814506124,1828
4786,0.4797159773086373,1829
9887,0.47968656611701577,1830
9345,0.47951808678891406,1831
5529,0.4794874704336078,1832
9612,0.47935266220525463,1833
5323,0.47933395216268726,1834
4545,0.479293797263332,1835
7232,0.4792504017942174,1836
1591,0.47905928397572783,1837
7318,0.47888381024253174,1838
9706,0.47881979013790527,1839
4300,0.4786515928410734,1840
1904,0.47859721465022287,1841
8336,0.4785953363692374,1842
4713,0.4784365475644947,1843
6175,0.4783879830052484,1844
7431,0.47828655976453316,1845
1431,0.4782619977135295,1846
3676,0.47814313255856156,1847
2849,0.4780555539855291,1848
6585,0.4780522519547876,1849
6810,0.47794797306172415,1850
1144,0.47792979077189934,1851
7569,0.47791277502027624,1852
7283,0.4777519845019907,1853
2792,0.47766070930689336,1854
4182,0.47763425380206237,1855
3148,0.4775980218879841,1856
9962,0.47757236888520066,1857
9094,0.47755139638796107,1858
3354,0.47753249150317545,1859
3967,0.4774049507137704,1860
4478,0.47731218798817016,1861
8530,0.47730470913888484,1862
5635,0.47703243546131485,1863
5094,0.47694780636698303,1864
6888,0.47691380074246525,1865
3767,0.4768626272606353,1866
569,0.47675298242953185,1867
400,0.47669189749166485,1868
9608,0.47650796712578974,1869
3391,0.4764464728697366,1870
470,0.4763366716975762,1871
1289,0.4763025144270817,1872
2723,0.4761673892780881,1873
1439,0.4758549652671426,1874
3303,0.4755638203970232,1875
600,0.4754006004017043,1876
8575,0.47492871257597336,1877
9945,0.4747447013185838,1878
6260,0.4741987107404493,1879
5718,0.47404625422655944,1880
1475,0.47404028347229454,1881
381,0.4738116886307879,1882
4109,0.4735161483191066,1883
1471,0.4725375857691244,1884
2847,0.47248952150915347,1885
205,0.4719814127803043,1886
4596,0.4717856158635103,1887
24,0.4713329754107163,1888
3507,0.4683806452929927,1889
1304,0.4682788011265488,1890
1056,0.46799812124433326,1891
6529,0.46611531109476323,1892
731,0.4660895006898256,1893
4432,0.4658238301856173,1894
5073,0.46568506939537613,1895
4864,0.46565729049734184,1896
465,0.46563451103868897,1897
2104,0.46528219903790463,1898
3208,0.4647387014753463,1899
9924,0.46465789094336213,1900
772,0.4644779373503402,1901
7850,0.46427324122088104,1902
7392,0.46410046156252704,1903
983,0.4640013204960952,1904
4469,0.46399459627616135,1905
4917,0.46386463740784845,1906
2620,0.4637923737824972,1907
8891,0.4635966848120645,1908
3469,0.46338459509950947,1909
4726,0.463182930115779,1910
6790,0.46303060415220587,1911
9150,0.462846691458808,1912
5904,0.4626723549862048,1913
5296,0.462666741431459,1914
5112,0.4626522970897053,1915
6459,0.4626424650219711,1916
2074,0.4621661960501147,1917
7916,0.4620854769481402,1918
1426,0.4620367270575869,1919
8532,0.46198737097820375,1920
9855,0.4619511801921169,1921
5459,0.4618839958017768,1922
9323,0.46180746015225316,1923
8381,0.4617556501987374,1924
3162,0.4616428549968432,1925
5693,0.4615629776511059,1926
4836,0.46140466368590677,1927
4998,0.46137982445970543,1928
1763,0.4613520321348909,1929
5824,0.46127190667172435,1930
6911,0.46119632415097295,1931
6527,0.4611484733139704,1932
2145,0.4609791513851502,1933
2968,0.4609470082236729,1934
3489,0.4608290661813883,1935
4820,0.4607961246322486,1936
6588,0.46076922798074627,1937
5567,0.4607235472636205,1938
7689,0.4606690567028209,1939
6899,0.4606253468616231,1940
5959,0.46060018199045566,1941
3346,0.4605510721467314,1942
7865,0.46054630541000385,1943
1811,0.4604938713001383,1944
951,0.46042404987790103,1945
4201,0.4603083418077619,1946
7744,0.46030801871950483,1947
5370,0.46027370353311986,1948
4084,0.46027060222723876,1949
3406,0.4600411353615927,1950
3068,0.4600309086307158,1951
3985,0.4599173390584829,1952
2183,0.4599050825121985,1953
2705,0.4598867094784952,1954
9788,0.459768656009654,1955
7323,0.45961884638343603,1956
140,0.4595984274114121,1957
1346,0.4595234285830699,1958
7882,0.45951573716983724,1959
8813,0.4594951341658811,1960
8807,0.45948860847012724,1961
6986,0.4594500777943144,1962
9195,0.4592915040958213,1963
204,0.459274412096205,1964
4698,0.459237008725238,1965
6460,0.45921580381800386,1966
5309,0.4590926310479303,1967
4862,0.4590129615808786,1968
5528,0.45891863083339507,1969
7705,0.4588992112280355,1970
6346,0.45886862446654536,1971
2575,0.4588131542499349,1972
3133,0.4587904633056982,1973
3377,0.4587621633936804,1974
6782,0.4587226121518426,1975
7003,0.4587185157525879,1976
2546,0.4587164044970015,1977
4902,0.4587146602783231,1978
9145,0.45860556379928996,1979
8133,0.45851552552617036,1980
6795,0.4584816497726998,1981
2562,0.4584632925676106,1982
1594,0.45840558585633895,1983
3490,0.45831367182881655,1984
8751,0.45816808876512366,1985
8031,0.45814769798764615,1986
9096,0.4581341917798387,1987
9186,0.4581318014748577,1988
5092,0.45800970404924446,1989
9468,0.45797083041600883,1990
6962,0.4579303836894666,1991
9733,0.457887014140308,1992
6614,0.45782933739620907,1993
3889,0.4577372138465763,1994
8993,0.45766072394353163,1995
394,0.45764887292787004,1996
9655,0.4576233817806594,1997
1180,0.45748738095819375,1998
9547,0.45748415255189795,1999
7842,0.4574530191630426,2000
2563,0.4574525230031788,2001
7964,0.4573648533493475,2002
2755,0.45734499450818317,2003
4477,0.4572955780535621,2004
9909,0.45728411011046477,2005
2738,0.45725997913822514,2006
7825,0.45722521862976906,2007
6534,0.45720337544475603,2008
9911,0.4572020064061922,2009
7862,0.45705327472818147,2010
3378,0.4570498181597693,2011
7767,0.45702368815420696,2012
1245,0.4569745076485895,2013
2646,0.45696070045481874,2014
7824,0.4569458000135465,2015
885,0.4569399359449071,2016
1026,0.45693062078521746,2017
2133,0.45691384567874094,2018
4940,0.4569002477141047,2019
960,0.4568898037616282,2020
6835,0.4568645728164793,2021
8625,0.4568538909145655,2022
7263,0.45683968979312284,2023
1072,0.45681592840975793,2024
2495,0.45670430332299305,2025
1273,0.4566268272692209,2026
6582,0.4565992209904522,2027
1258,0.4565757452100918,2028
3341,0.45654143569742434,2029
8202,0.45648403628870227,2030
3583,0.4564676712744098,2031
8571,0.4564336457178332,2032
6542,0.45642979462875194,2033
2781,0.4563935789509428,2034
3193,0.45634441959013583,2035
7855,0.45634303047758845,2036
8689,0.45632753842552204,2037
5923,0.45630317148911953,2038
1478,0.4562688811546048,2039
5699,0.45617733299188223,2040
9302,0.45615190908209774,2041
3803,0.4560445478255922,2042
6199,0.4560376201622523,2043
5447,0.45602549841973017,2044
429,0.4559695099616129,2045
1192,0.45591127574129103,2046
9462,0.4558383755975644,2047
556,0.45582828876659925,2048
5573,0.45561803692816577,2049
8771,0.45561087908110093,2050
5874,0.4556088184434455,2051
8143,0.45559519800832143,2052
9064,0.4555697118350492,2053
2489,0.45547683981756437,2054
9688,0.45540184537671535,2055
3362,0.45539320715002335,2056
3905,0.45533469980788416,2057
234,0.4552192894292018,2058
6345,0.45519931282254783,2059
215,0.45517395332643396,2060
5891,0.45516641042144196,2061
8930,0.45505966408996446,2062
585,0.4550390766907434,2063
4014,0.4550152120017086,2064
2747,0.4549830479279028,2065
8224,0.4549774093537111,2066
3319,0.4549404363688751,2067
48,0.45484836093628067,2068
2131,0.4548373779542667,2069
469,0.45477153143756155,2070
3477,0.4547291910075201,2071
2191,0.4546235929304782,2072
2856,0.4546076870735021,2073
7818,0.45455556217930815,2074
4515,0.45447651118035765,2075
9367,0.454419298411958,2076
4066,0.4544033793626228,2077
7131,0.45433203023826185,2078
9324,0.454296680990851,2079
838,0.4541718398426877,2080
2395,0.45415377575031174,2081
930,0.4541239743994046,2082
5412,0.4541055188108077,2083
492,0.4540889297385261,2084
7555,0.454084235075119,2085
7927,0.4540282524652869,2086
9529,0.4540185456191164,2087
825,0.45396171138909364,2088
6593,0.4539115481125445,2089
9339,0.4538899770858195,2090
4553,0.45372320774528335,2091
5882,0.4536996778233575,2092
5015,0.45368738415542204,2093
3944,0.45366435109150854,2094
3661,0.4534809781239494,2095
2400,0.4534799892142216,2096
8926,0.45337925301985754,2097
1883,0.45336372917482387,2098
435,0.453316126624034,2099
9563,0.4533105173688372,2100
6563,0.4532863893926238,2101
1467,0.45325659582033406,2102
2653,0.45319687598735475,2103
979,0.4531621591646316,2104
6157,0.45315727838499126,2105
9000,0.4531334648127199,2106
8029,0.4530880057296983,2107
3032,0.4529967724150292,2108
7294,0.45286491937772827,2109
7844,0.4528042182194003,2110
7102,0.45247193413017633,2111
3351,0.4524402348437826,2112
3349,0.4523930216185225,2113
6712,0.45237867287712363,2114
5235,0.4523258305247389,2115
378,0.4522387870069352,2116
8034,0.4522321148515629,2117
9441,0.45218730377720706,2118
158,0.45216200143198154,2119
6737,0.45214226087235976,2120
5661,0.4519925715584201,2121
3846,0.45181909018767974,2122
9880,0.45168868285722574,2123
5879,0.4516555025556861,2124
7500,0.4516073738474613,2125
1417,0.45128889533393024,2126
6855,0.45128611405589586,2127
2671,0.4509740053856149,2128
5419,0.45092729277382537,2129
9981,0.4508903163024745,2130
3897,0.45088940676733247,2131
9649,0.45088068566370193,2132
7758,0.45085511924057586,2133
6,0.45084836837329406,2134
638,0.4508203245120842,2135
3666,0.4508071232186771,2136
7550,0.45047971235679884,2137
7863,0.45018975322376537,2138
3030,0.4501295064439226,2139
4024,0.44994977576938333,2140
9487,0.44976428429847803,2141
3163,0.4497390916695153,2142
3260,0.44960061953578234,2143
4338,0.4494938691840877,2144
4439,0.4494625887919849,2145
6413,0.4492610271419491,2146
7080,0.4490938398455217,2147
84,0.448874562532133,2148
8252,0.44854087568470696,2149
7931,0.44846181038922633,2150
3483,0.4484128609613663,2151
5557,0.44841025565306564,2152
7227,0.4478215250894157,2153
4243,0.44773357753245646,2154
6703,0.4475699985217034,2155
8959,0.44744347526204004,2156
4575,0.4471411721820499,2157
6625,0.44649802237529695,2158
9320,0.4462345111388695,2159
207,0.444276863341221,2160
6761,0.4435930669297389,2161
2147,0.44241678807908086,2162
9984,0.4409215958319133,2163
1437,0.44052917153497784,2164
3295,0.44036360046977835,2165
1415,0.4402225134975887,2166
6564,0.4395759034779629,2167
5530,0.4394054681644222,2168
9266,0.43910414975240625,2169
7091,0.43883506247572024,2170
1648,0.4387667773270705,2171
9372,0.43850848474479515,2172
8740,0.43799682574805127,2173
490,0.43793659608836855,2174
8651,0.4378468939507106,2175
4556,0.4376696443394294,2176
6583,0.43765530593140384,2177
1967,0.4375130387986459,2178
3165,0.4372987052748544,2179
3446,0.43720329093975613,2180
5095,0.4366209874693997,2181
4203,0.43659840483356976,2182
8201,0.4359994458513182,2183
3448,0.43579008549795134,2184
1635,0.4357522012271029,2185
8879,0.4355455861255756,2186
368,0.43547634483216496,2187
5234,0.43541304802461,2188
5855,0.43498292562702495,2189
8857,0.4349198057800142,2190
2569,0.4346657314701516,2191
5563,0.4345931322247393,2192
4036,0.43455264424348966,2193
8701,0.4345228857843697,2194
8406,0.4344255477722297,2195
1382,0.43438223589522934,2196
9391,0.4343610056259639,2197
2874,0.4342713917795107,2198
9769,0.4341822483373694,2199
3772,0.43398157566441686,2200
9319,0.433943394592589,2201
6452,0.4339361062915862,2202
2297,0.43377913512718796,2203
6773,0.4337073978015252,2204
7925,0.4337035571254987,2205
5428,0.4336890116138125,2206
5914,0.43356153439421136,2207
1719,0.4335046714354723,2208
8204,0.4334605846502367,2209
1166,0.4332544674528796,2210
5046,0.43325389825269534,2211
5564,0.43324336267767394,2212
6663,0.4331919532655401,2213
4562,0.433127390202865,2214
8213,0.4330742469975162,2215
2930,0.43291712697681634,2216
4258,0.43291185771577884,2217
9556,0.4328689210764772,2218
9989,0.43275478627445507,2219
9752,0.43270653910797297,2220
7682,0.4326865300697221,2221
6658,0.43266329826514566,2222
4803,0.432656232611259,2223
6213,0.43251106950470697,2224
5424,0.43247424084133684,2225
4319,0.43234505745762974,2226
7745,0.43234344174633016,2227
6092,0.4322699619921909,2228
6801,0.4321605684252411,2229
5003,0.4321600102464683,2230
7190,0.43209397581666664,2231
9008,0.43195003772997087,2232
263,0.4318718681579716,2233
4135,0.4318714528746137,2234
6173,0.431812252945658,2235
455,0.4316851671880643,2236
9113,0.4316700297341142,2237
1292,0.4316030175769903,2238
1949,0.4315574368813812,2239
7010,0.43152753223231616,2240
8849,0.43146560860186944,2241
9448,0.4312652050372857,2242
3325,0.4312362365770983,2243
6990,0.43121673259980897,2244
2549,0.43120104209138277,2245
2866,0.4311943702598695,2246
9998,0.4311912790321617,2247
4013,0.43113448820660233,2248
7642,0.4310909823506555,2249
7331,0.43107736592280815,2250
9675,0.4310407922213254,2251
1554,0.4309196930357779,2252
8713,0.4307925638493479,2253
8405,0.43072381851971875,2254
8721,0.43069877843261584,2255
5537,0.43067180694781143,2256
9238,0.43059388514351404,2257
8742,0.43052093860099944,2258
643,0.43041666228254205,2259
9014,0.43036824454461614,2260
1876,0.4303578662684118,2261
5056,0.4303515438434067,2262
5683,0.43033269032464344,2263
3321,0.4302516887081115,2264
711,0.43025106422384973,2265
7757,0.43020656092693565,2266
9292,0.43018984240545555,2267
3007,0.43012782220153556,2268
8667,0.43007703096713695,2269
6728,0.4299755955138003,2270
634,0.42997105639301914,2271
7239,0.4299325857614751,2272
8983,0.4299087643823536,2273
4284,0.4298973297363896,2274
5791,0.4297624811565065,2275
4200,0.4297163214643544,2276
2588,0.42968948138063673,2277
5348,0.42961555194920353,2278
5996,0.42960633834820744,2279
4473,0.42953376598998827,2280
1869,0.429518431431801,2281
5662,0.4295145867365904,2282
3175,0.4294742617222264,2283
7775,0.42942556748331634,2284
832,0.4294045802088802,2285
7428,0.42922166570922393,2286
801,0.42920082659921815,2287
4834,0.4291452738750386,2288
8304,0.4291125793145593,2289
2534,0.42910737706014845,2290
4021,0.42908548822744746,2291
6781,0.42905561479782134,2292
3154,0.429007506924818,2293
7446,0.4289955760846122,2294
5119,0.42898468355866554,2295
7434,0.4289776767508866,2296
7971,0.4289178580424191,2297
4107,0.4289146996506911,2298
3373,0.4289135717071722,2299
217,0.4287981990869273,2300
2548,0.4285755063558248,2301
1868,0.4285660352569944,2302
4614,0.42846367376901917,2303
2198,0.4284630353106619,2304
4779,0.42840580591220223,2305
3486,0.4283759669972287,2306
8176,0.42828781020248047,2307
9410,0.42824755429588074,2308
7869,0.42824185810591797,2309
5776,0.4281871851154067,2310
3989,0.428088507886568,2311
5800,0.42800298942488113,2312
9531,0.4279937055693432,2313
8589,0.42786882736850607,2314
422,0.42784497225245305,2315
1189,0.4277282105726267,2316
8922,0.42770287095426046,2317
4688,0.4276734709212939,2318
1941,0.42767103445513366,2319
3411,0.4276136216714983,2320
614,0.4275879249138107,2321
7674,0.42756370469536253,2322
4945,0.42755364822657344,2323
5422,0.4274155665695765,2324
902,0.4274072747465846,2325
3322,0.42725044310573346,2326
7,0.42722193173776946,2327
3618,0.427168682721352,2328
6545,0.42701866774304403,2329
5670,0.4270184097480066,2330
570,0.42691434314488647,2331
2378,0.4269044186307157,2332
4522,0.42676054350404746,2333
7616,0.4265028044958985,2334
453,0.4262451850301741,2335
894,0.4261385260261494,2336
6982,0.4257052733301274,2337
1008,0.4256645639454399,2338
3003,0.4255765823036492,2339
1878,0.4255593881536765,2340
3234,0.4255438712083211,2341
2998,0.42530768153923276,2342
7738,0.42529770302593933,2343
2344,0.42521200066331105,2344
4489,0.4251732896925726,2345
5919,0.4251144720552756,2346
1560,0.42506101606557406,2347
6828,0.4249825880863665,2348
8991,0.4248119081732997,2349
6336,0.42479065580712694,2350
6873,0.42475208982444,2351
1145,0.4246412200987577,2352
7198,0.4245610564947403,2353
4375,0.4245284378220071,2354
4634,0.42451452540251117,2355
6968,0.42447061182377793,2356
745,0.42407638253009655,2357
8111,0.4240281970378209,2358
3112,0.4240076387752895,2359
5047,0.42394882470346945,2360
1740,0.42385616596614695,2361
7788,0.4237530212891642,2362
8510,0.4237521829561608,2363
3264,0.4236868398727766,2364
9990,0.42341332014766625,2365
1608,0.42331282244960183,2366
6925,0.4232567654081933,2367
10,0.42324367530542056,2368
3267,0.42304860177578835,2369
854,0.4230011521146487,2370
1200,0.42287716038093587,2371
1284,0.42263418535320063,2372
6061,0.42224644528009286,2373
7378,0.42210482599729093,2374
8811,0.42196607809878994,2375
1593,0.42188215581698424,2376
2445,0.4216440060367993,2377
4838,0.42116950200953934,2378
6928,0.420230995420939,2379
973,0.41992778736310205,2380
9483,0.41976278731256034,2381
1051,0.41967076505452316,2382
6294,0.417937164477163,2383
1197,0.41735050897745374,2384
2036,0.417060176608677,2385
9867,0.4170303120769364,2386
9879,0.41652042689891494,2387
7651,0.4158493212275091,2388
2498,0.41580467768540924,2389
4156,0.415673571432574,2390
1994,0.41408090355130717,2391
3158,0.41303817328896353,2392
1001,0.4127927428871951,2393
2107,0.4127313846526333,2394
8235,0.41212044619877863,2395
3505,0.41148521827842494,2396
5478,0.4114510100502351,2397
4643,0.4114324450384695,2398
1992,0.411414036564495,2399
770,0.41138965472209066,2400
99,0.4108367095025758,2401
2058,0.4108327461734789,2402
4445,0.4105538103931339,2403
71,0.4101323319936283,2404
4330,0.4099988002050178,2405
9066,0.40991331027936545,2406
6683,0.40988105307398714,2407
335,0.40953463246372485,2408
9002,0.40930201460261034,2409
7340,0.4092835547268697,2410
6714,0.40910858266364464,2411
5292,0.4090769281353212,2412
3826,0.4086568628080449,2413
4737,0.40855738883450404,2414
212,0.4083856151529901,2415
2716,0.4083415208795024,2416
2959,0.4082313924364327,2417
2783,0.40811471530520804,2418
1208,0.408062076727801,2419
8984,0.4079070477068608,2420
7947,0.40777895410847353,2421
1505,0.407672335204459,2422
3026,0.4076686520822059,2423
8498,0.40763515410820794,2424
8477,0.4074150858139344,2425
3225,0.40740481482646224,2426
9955,0.40736863337416807,2427
3209,0.40736282222045633,2428
3876,0.40734744476404244,2429
9334,0.4073430205330231,2430
8605,0.40733897605793706,2431
2274,0.40733851160871615,2432
8637,0.40716397519287933,2433
1694,0.40702197821568,2434
4604,0.4069322180642163,2435
2791,0.4066042008048715,2436
1521,0.40634910513112704,2437
318,0.4062185095884703,2438
7201,0.40601882779524306,2439
9600,0.4060152050255783,2440
1511,0.4060137499795381,2441
1806,0.40591837638200057,2442
2220,0.4059029772912977,2443
766,0.4058215712389659,2444
534,0.40578500817687596,2445
6705,0.4057231500830661,2446
970,0.40568794112220075,2447
2710,0.40533605621604474,2448
629,0.4053287803269187,2449
4329,0.40528088961406095,2450
8693,0.405249210159194,2451
1371,0.40524527455708886,2452
5113,0.4052151117185206,2453
5994,0.4052060815978678,2454
877,0.40510958874349856,2455
6193,0.40496993973285217,2456
155,0.4049521320035018,2457
2322,0.4049453979332006,2458
5993,0.4047438644860277,2459
3453,0.4047191277332814,2460
6831,0.40460900371596037,2461
5130,0.40459277472867755,2462
4781,0.40458683469416046,2463
2227,0.40457255881122384,2464
209,0.4044853202786704,2465
1374,0.4044821623003374,2466
543,0.4044101072245621,2467
4694,0.4042838806887229,2468
9676,0.4042488523994935,2469
5052,0.4042083989949089,2470
9964,0.4041824120402654,2471
1115,0.4041523576925577,2472
1406,0.4041293558779464,2473
1041,0.40408264781707937,2474
9405,0.4040253536757852,2475
8194,0.40389862250888425,2476
2745,0.4038796221340188,2477
6909,0.4038351533006022,2478
8924,0.4038122075533913,2479
7948,0.40375733338453773,2480
7447,0.40373476821634335,2481
7712,0.40366306205925867,2482
5017,0.4036496831718443,2483
4590,0.40364608438602295,2484
815,0.4035982428176491,2485
6032,0.40355646080377044,2486
2512,0.40348454754620716,2487
4992,0.40342474466419287,2488
6526,0.4034217756547937,2489
3736,0.40327181673048446,2490
3205,0.4032712595697505,2491
188,0.40325993563087953,2492
9890,0.4030105920767285,2493
9982,0.40292138448748716,2494
3986,0.40283921312314314,2495
4079,0.4028104110873287,2496
8996,0.4028013737792596,2497
3052,0.40273563014868735,2498
4294,0.40272569000770975,2499
5911,0.4025729104403472,2500
1173,0.4024882767624877,2501
8664,0.4024778626562299,2502
1453,0.40219874637949504,2503
1313,0.40219318040551794,2504
1611,0.4021404127682386,2505
822,0.40204405443745517,2506
8295,0.40200670954163625,2507
2180,0.4019734256382525,2508
6342,0.40182094906800314,2509
8739,0.40178757731745174,2510
1276,0.40172245696839454,2511
9719,0.4015814051692268,2512
3093,0.40157133030629377,2513
8170,0.40146693940429845,2514
7662,0.4014313339211322,2515
6224,0.40135017249238786,2516
6630,0.4013077098398641,2517
7062,0.4012453816369285,2518
4170,0.401179812118917,2519
4822,0.4011532578901779,2520
4434,0.401119403841008,2521
4195,0.40106813599127894,2522
2162,0.40101416415609586,2523
1379,0.400979710908207,2524
342,0.40086623548491135,2525
8164,0.40078722259442695,2526
4675,0.4007712407163901,2527
3982,0.40068171182160345,2528
8677,0.4006307620564681,2529
9182,0.4006023244686813,2530
5769,0.4005993136410151,2531
939,0.4005697393731558,2532
1615,0.4005252908757194,2533
5982,0.4005203425297778,2534
1709,0.40051727585856495,2535
7565,0.40042437026487443,2536
4633,0.4002307919547043,2537
5863,0.40005888957561103,2538
696,0.4000186441043387,2539
6772,0.39989507904447874,2540
3258,0.3998806090659271,2541
691,0.3998597351352602,2542
367,0.39972637846923537,2543
7191,0.3996537501722247,2544
3761,0.39960038622832666,2545
7667,0.39954544020576044,2546
7917,0.3995432478076282,2547
7067,0.39948357211930746,2548
7716,0.39947115837117525,2549
4022,0.3992326227216766,2550
9009,0.3991321531721238,2551
260,0.39907427615503555,2552
2963,0.3989321318026933,2553
3170,0.3987949164559623,2554
6876,0.39876095246757354,2555
9590,0.39869383127382135,2556
9827,0.39869247360462556,2557
4078,0.398520719465272,2558
6176,0.39845964438262077,2559
5603,0.398280077788549,2560
8251,0.3981939609709837,2561
5357,0.3981804678520498,2562
2078,0.3981416598679893,2563
7119,0.3980564784211613,2564
4178,0.3978228559537889,2565
3937,0.3977828759505867,2566
1592,0.3977541087803971,2567
2527,0.397649680316085,2568
8734,0.3972727617304048,2569
7204,0.3972337460240446,2570
4892,0.39709556016864406,2571
4392,0.3970015790632859,2572
391,0.3969725370880644,2573
8712,0.3968865362041301,2574
587,0.39685111458902395,2575
8407,0.39679036326117323,2576
1866,0.3965261576860241,2577
2219,0.39628334442434665,2578
4420,0.3961799090681721,2579
6568,0.3961311741683198,2580
5728,0.3959453005063693,2581
311,0.3958608482277734,2582
8687,0.3955845062504353,2583
6045,0.39542557781507326,2584
9356,0.3949413474814346,2585
2516,0.3948872865276889,2586
6637,0.393898159026898,2587
2166,0.39375837417170334,2588
7302,0.3928055127354006,2589
1468,0.39163285271077874,2590
309,0.3914627149033075,2591
4447,0.39145585058039745,2592
2780,0.3913246664097516,2593
542,0.39125712137569335,2594
9026,0.3907571111244374,2595
1572,0.3906547917109639,2596
2338,0.39040178798710945,2597
2649,0.38892775603256813,2598
6648,0.3883968875120175,2599
798,0.3879914918884214,2600
2665,0.38751719790085165,2601
2492,0.3870140202198087,2602
1541,0.38698065289208183,2603
9035,0.3857013292445122,2604
7520,0.38566159750778334,2605
1826,0.385343369024458,2606
4117,0.38517228663270314,2607
3868,0.3838714905458441,2608
5217,0.3837638725619693,2609
9517,0.38362022393313006,2610
3239,0.3834978212050595,2611
6444,0.38323458248008224,2612
4784,0.3831069150419818,2613
9171,0.382970219532226,2614
174,0.38291067429599535,2615
8000,0.38290126917779777,2616
7430,0.382880668073627,2617
9099,0.382798947369808,2618
2768,0.38276208415383006,2619
6311,0.3827596980726466,2620
865,0.3827026867250764,2621
328,0.38257117179642525,2622
6748,0.3825477402137969,2623
7163,0.38251694946806525,2624
9222,0.38240514955164123,2625
3499,0.38234618868395276,2626
8662,0.3822880376235892,2627
9475,0.38214964566471366,2628
5858,0.38198707922681563,2629
6787,0.3819708458024948,2630
450,0.3818782523762432,2631
5219,0.38174066711377075,2632
9800,0.38173930029676656,2633
7014,0.3814138858463847,2634
8177,0.38138315354713764,2635
9049,0.3809363081821285,2636
6908,0.380911774039136,2637
9024,0.38085318452795264,2638
3352,0.38084055395887456,2639
7525,0.3808082614116885,2640
411,0.3807109413383999,2641
9434,0.3806936030093196,2642
7951,0.38063715922126445,2643
9006,0.3803860376308495,2644
840,0.38024878132073947,2645
3370,0.38009611544636074,2646
3603,0.3798946511536123,2647
9208,0.379815554255873,2648
6399,0.3797799888113616,2649
9725,0.3797721554144845,2650
6900,0.3796450697529123,2651
8018,0.37947119411990415,2652
5918,0.3794275951410148,2653
6094,0.3791696337433585,2654
6030,0.37908585214941204,2655
547,0.37889054889215334,2656
1352,0.37872822343195384,2657
9698,0.3784543459698668,2658
5936,0.3781673886103865,2659
3044,0.37803453224423733,2660
8293,0.3779062709839943,2661
1843,0.3774930720465895,2662
601,0.3773290223652354,2663
5742,0.37731247601895385,2664
2880,0.37713964801668015,2665
5320,0.3771076254440589,2666
4882,0.37702986080809175,2667
444,0.3768775304765075,2668
7081,0.37662932956026973,2669
1531,0.37662432645826693,2670
9307,0.37656188263406976,2671
2265,0.37654084749018263,2672
636,0.37653952411401265,2673
4215,0.37646350740700124,2674
9300,0.3763972465913354,2675
8136,0.3761851714793815,2676
8649,0.3761631243725715,2677
1509,0.37613490817524636,2678
5439,0.376079410527799,2679
6660,0.37539440729168494,2680
3137,0.375326693285813,2681
1135,0.3751158972373963,2682
5295,0.3748149489458261,2683
4807,0.37480832579281176,2684
8801,0.3748072690019799,2685
8377,0.37468857662858895,2686
630,0.37445542451631497,2687
3600,0.3741992280279376,2688
3516,0.3741714428946179,2689
4853,0.3741278080485689,2690
3903,0.3739956999951989,2691
7809,0.3739531817599853,2692
9451,0.373896032889829,2693
6573,0.37384178577653404,2694
7397,0.37382462002575256,2695
9359,0.3738083392506493,2696
1433,0.37376311267233553,2697
3449,0.37355767194233375,2698
9457,0.3735113735993389,2699
7949,0.37347472518702407,2700
936,0.37347142945161327,2701
8054,0.3731912421340414,2702
3033,0.37276304225850965,2703
1390,0.37272392662633747,2704
7575,0.372692671207148,2705
2576,0.3725889906912749,2706
4948,0.372515706456358,2707
4588,0.3725086721482416,2708
957,0.3718538101944434,2709
4760,0.3717243842621495,2710
8245,0.3717102945697211,2711
5229,0.37114393516669075,2712
7305,0.37062756612953734,2713
10000,0.3705379472627776,2714
8189,0.3703682978082255,2715
7567,0.3701783495438381,2716
366,0.36986409524573705,2717
8729,0.36930899222707325,2718
1025,0.3690883719890156,2719
2105,0.36886825570304105,2720
3851,0.3688310470922897,2721
4134,0.36837604163463955,2722
5794,0.3682214149955528,2723
9376,0.3670929248246652,2724
8162,0.3667242189751068,2725
4668,0.3663624100359785,2726
7178,0.3657105025432603,2727
4597,0.3641356159772885,2728
461,0.36395764055598406,2729
5531,0.3631393391418189,2730
4531,0.36217337885497813,2731
6407,0.3619952875416999,2732
2046,0.36158953517257647,2733
3009,0.3613965580570759,2734
1345,0.3607288708346783,2735
3397,0.3606147579191961,2736
2759,0.36040030190882033,2737
7723,0.3602578617795793,2738
9090,0.3599588781817311,2739
4312,0.35964604988700866,2740
1829,0.3593719195756342,2741
1737,0.35933140159145244,2742
3461,0.35922068850687744,2743
523,0.359071715246371,2744
1561,0.35891812970567544,2745
9193,0.35884713441773913,2746
169,0.35883766663170746,2747
3698,0.3588324536808399,2748
4282,0.3587199882808774,2749
5103,0.35870727308808575,2750
8936,0.35866898283932563,2751
3884,0.358461570536004,2752
6861,0.35840235391396064,2753
5609,0.3581252660299399,2754
7374,0.358045539632684,2755
5965,0.35725881514257124,2756
9780,0.3571130106279962,2757
7208,0.35710212812139863,2758
5210,0.356913981337949,2759
2686,0.3567012675777319,2760
9576,0.35667810490121626,2761
3543,0.3564476189934354,2762
8323,0.35640376456732603,2763
7719,0.3563311724672572,2764
2784,0.35625658596202264,2765
2261,0.35625260388890256,2766
8491,0.35622993892957905,2767
3348,0.35621062712259816,2768
4431,0.3561420222855641,2769
8617,0.35604986587861687,2770
2137,0.3555571803206094,2771
5369,0.3554783807196744,2772
2215,0.35534785125453094,2773
846,0.35533914465805316,2774
4188,0.3552607342254499,2775
9256,0.35519461201475566,2776
1009,0.35501174820590775,2777
4967,0.3549514216618865,2778
8588,0.3548989086022425,2779
1199,0.3548970521451858,2780
6309,0.3548820590310877,2781
7443,0.35477357561376605,2782
3314,0.35467418573036835,2783
6303,0.3542597809734397,2784
4527,0.3536847501424638,2785
8262,0.35361078188500444,2786
4826,0.35351879809690157,2787
567,0.35343954215708673,2788
3254,0.3534052318680029,2789
1151,0.3531448250073423,2790
2112,0.3529769925813935,2791
1023,0.3527561750482389,2792
9512,0.35274914479263997,2793
2347,0.3527369832522998,2794
1159,0.35272440582732795,2795
3528,0.35248938698061777,2796
7238,0.3522911255928115,2797
9110,0.3522900578084806,2798
3760,0.35227741245507554,2799
2337,0.35202645412344025,2800
1605,0.35199382573739474,2801
9901,0.3518426671435178,2802
1766,0.35173981676959554,2803
8063,0.3513627543822832,2804
3125,0.35131833462534484,2805
1295,0.3512934311994257,2806
6249,0.3512112979855731,2807
4766,0.3511690151277401,2808
165,0.35103236763443824,2809
8275,0.3509826041500297,2810
4602,0.35096335312584026,2811
3916,0.3505776951287744,2812
2978,0.3502144474705637,2813
4466,0.34975155439640704,2814
2735,0.3495336834996269,2815
3983,0.3490215284679908,2816
4683,0.34897974782142355,2817
399,0.34889288740394575,2818
3974,0.3485240206751613,2819
3805,0.3481306478308565,2820
2072,0.3479797897160359,2821
3372,0.3476457916564576,2822
6438,0.347286105717012,2823
8098,0.3470165308395194,2824
1848,0.3459851850356714,2825
6623,0.34540099447530276,2826
9072,0.345337216825053,2827
9660,0.34514147295968123,2828
1986,0.3441786700454143,2829
7507,0.3438666948151871,2830
6335,0.3435456813590443,2831
6008,0.3428464330855241,2832
39,0.3428363642596459,2833
9521,0.3420437995179564,2834
5107,0.3412031096375323,2835
8478,0.3405963677690374,2836
5086,0.3387194377674481,2837
3025,0.3369010633277628,2838
3484,0.3367727311850436,2839
3690,0.33676542586213476,2840
1047,0.33613939438198553,2841
130,0.3353615623039356,2842
6202,0.3352060691579798,2843
8827,0.33476441965388226,2844
1565,0.33321143648744744,2845
2697,0.3331152743138333,2846
9979,0.3330035451661049,2847
8870,0.3329059287478176,2848
1741,0.3325995379326787,2849
4386,0.33247908870633663,2850
1146,0.33234974085413843,2851
8169,0.33211483446143125,2852
491,0.3317288164505632,2853
8437,0.33146392350404263,2854
9507,0.3313819788925637,2855
4181,0.33122587378634183,2856
6508,0.33120622644670905,2857
1232,0.33114226756215287,2858
6750,0.3308991424055911,2859
3177,0.3307639097089935,2860
61,0.3304001907956936,2861
2071,0.3299167637174094,2862
3641,0.3298994544247599,2863
5890,0.3293542241382097,2864
6901,0.3287803730258366,2865
147,0.32873584974988596,2866
4048,0.32817750998584966,2867
7179,0.327958568216993,2868
7868,0.32728157925521023,2869
4844,0.3271750185050693,2870
8365,0.3269810952961733,2871
4722,0.32697198505945585,2872
46,0.3267798583390109,2873
9353,0.32656936907525336,2874
783,0.3263338176428535,2875
7082,0.32628758687955334,2876
8672,0.3261794717883066,2877
3551,0.3258741570460532,2878
9532,0.3250034306789838,2879
7954,0.3248885513633083,2880
3978,0.3247217856513882,2881
5484,0.3243961301110565,2882
5698,0.32381547477808353,2883
7143,0.32345634907938964,2884
7808,0.3231599017853972,2885
1218,0.3228726710695329,2886
202,0.3228174014087947,2887
4476,0.3224367777033648,2888
7834,0.3220431116096991,2889
9561,0.32191599057837716,2890
6536,0.32144007754340365,2891
2555,0.32049384493025995,2892
8708,0.31898312857831235,2893
4650,0.31873099245221603,2894
385,0.31827379597309474,2895
4206,0.31722976676642034,2896
6108,0.3141774019757192,2897
7587,0.31357693253986163,2898
8591,0.3128992069568494,2899
4799,0.3109762362131925,2900
6769,0.31023163709858353,2901
2914,0.3099948326597432,2902
7382,0.3098380972834301,2903
5300,0.3092197666192748,2904
9871,0.3088911339529872,2905
8256,0.3083587268964091,2906
3419,0.3083268528886924,2907
4508,0.30619453539910024,2908
727,0.30569664744589037,2909
5907,0.3051422644494074,2910
5036,0.3047082745779642,2911
1827,0.3042621118909071,2912
8340,0.3040029301836819,2913
760,0.3039833650221057,2914
284,0.30348262140686916,2915
7972,0.30334169953110607,2916
5986,0.3025427356398845,2917
3501,0.30223589480212576,2918
1577,0.30221617274577267,2919
1754,0.30158409570449296,2920
3315,0.3013858290780714,2921
1708,0.3006058150538824,2922
4471,0.3000923063859662,2923
5216,0.3000074956619095,2924
5144,0.2996869311009132,2925
7866,0.2995344256678484,2926
8172,0.29915105707654616,2927
241,0.2984810913889508,2928
7503,0.29847983300948483,2929
3451,0.29805438456841415,2930
6554,0.2971826889419761,2931
2414,0.2958743706264664,2932
925,0.2916417871795255,2933
1600,0.2908130624575517,2934
4746,0.28932727608328296,2935
7084,0.28865596040783337,2936
5876,0.2869844772116076,2937
7059,0.28646865089861495,2938
4812,0.2859250457152399,2939
5685,0.2858635821987065,2940
8762,0.2856980153161123,2941
5768,0.2845558023023777,2942
6054,0.28454010512995426,2943
6490,0.28450473739482957,2944
6676,0.2840787607632123,2945
8835,0.2836122002844922,2946
5676,0.28344292044866165,2947
6540,0.2830611053416345,2948
9957,0.28238928045157125,2949
8045,0.2801818114561601,2950
124,0.27903943422456606,2951
944,0.2776140338921318,2952
6205,0.27685352251677703,2953
5283,0.2761213974419525,2954
8650,0.2757887130453425,2955
7087,0.2754023618920647,2956
3445,0.27420333905549155,2957
3657,0.27305813372242105,2958
7485,0.2724617873000209,2959
784,0.27085905773014013,2960
6601,0.2696172471953949,2961
8070,0.2678791281928373,2962
2733,0.2662736420800143,2963
7117,0.2652044259002604,2964
238,0.2651478072740146,2965
9310,0.2628058701568273,2966
4845,0.26275152027347903,2967
2624,0.26259191913821256,2968
582,0.2594687391000391,2969
3243,0.2579897132505547,2970
8073,0.2578064667234547,2971
1176,0.25755853455474537,2972
895,0.25688750085004475,2973
7634,0.25685734304309443,2974
7029,0.2566243328862735,2975
8259,0.2564228826843423,2976
6578,0.25614498675292424,2977
7203,0.25414806118340316,2978
8454,0.2532741217375679,2979
3288,0.25322599550986313,2980
3185,0.24771843422641857,2981
1430,0.24739549736167793,2982
1031,0.24533196816345287,2983
3686,0.245017809410619,2984
8966,0.24342291865604265,2985
4045,0.24293635537703107,2986
5622,0.24050930981902177,2987
4355,0.2389784618829003,2988
1755,0.23777857179489648,2989
6948,0.23297515115129258,2990
9228,0.22903137421344372,2991
3970,0.22486355470120223,2992
3337,0.22007049123268616,2993
1831,0.21400799983631094,2994
577,0.20470276633268944,2995
8010,0.1951992297171282,2996
8480,0.19139454575657522,2997
6701,0.1871848411077549,2998
8595,0.18168403838230454,2999
1305,0.1804500926214449,3000
