member_id,y_true,p_logreg
464,0,0.48207146119546773
2733,0,0.2662736420800143
8313,0,0.5427271509483678
2697,0,0.3331152743138333
1994,1,0.41408090355130717
2613,1,0.508534085152428
1708,0,0.3006058150538824
8588,0,0.3548989086022425
1992,0,0.411414036564495
4841,0,0.5398982639706587
7532,0,0.6149399300487702
7633,1,0.5400673433593811
4997,0,0.5950159640463317
3026,0,0.4076686520822059
8751,0,0.45816808876512366
1232,0,0.33114226756215287
2669,0,0.6203419321843733
5174,1,0.5164896257596903
2759,0,0.36040030190882033
2344,0,0.42521200066331105
8693,0,0.405249210159194
7203,0,0.25414806118340316
9293,0,0.5340672067431231
7960,0,0.6636532138303194
803,0,0.5957393259710944
1273,0,0.4566268272692209
6810,0,0.47794797306172415
2034,0,0.5076411339323463
5046,0,0.43325389825269534
2576,0,0.3725889906912749
7143,0,0.32345634907938964
3374,0,0.5122868123340604
7822,0,0.5614089466865588
9890,0,0.4030105920767285
1565,0,0.33321143648744744
9227,1,0.5042227470010051
2090,1,0.6673022967053177
3354,0,0.47753249150317545
4796,1,0.4882312722639152
9068,1,0.5634351059046268
8124,1,0.48452190335746304
9596,1,0.6673141266041772
753,0,0.548968620261301
1197,0,0.41735050897745374
5178,0,0.4845973440770976
7430,0,0.382880668073627
222,1,0.639926976357012
766,0,0.4058215712389659
3739,0,0.5661220536878704
5184,1,0.6152295983864667
1454,1,0.5624303242758417
7324,1,0.6151685130147115
9706,0,0.47881979013790527
7093,0,0.5158506500339042
4178,0,0.3978228559537889
9634,0,0.5385093013739435
9418,1,0.5385030486465076
3834,1,0.6183686460946629
9719,1,0.4015814051692268
9228,0,0.22903137421344372
3258,1,0.3998806090659271
4715,1,0.5359859218414028
8734,0,0.3972727617304048
2945,0,0.5525738505305822
499,1,0.6645298991180412
6351,1,0.5939786225029977
3154,0,0.429007506924818
5740,0,0.5938828632252714
4407,0,0.5373495434321045
7587,0,0.31357693253986163
6101,1,0.6151017254403007
8650,0,0.2757887130453425
9008,1,0.43195003772997087
3032,0,0.4529967724150292
8985,0,0.6410883170469748
5086,0,0.3387194377674481
355,0,0.4898831960254042
3025,0,0.3369010633277628
4529,1,0.5679861875973056
1206,0,0.4925034244831337
9566,0,0.5351601875220353
4932,0,0.4875802966888672
8424,0,0.5086284117336932
794,1,0.4836120382669234
4514,0,0.6441751745456539
281,1,0.5628707361704183
396,0,0.594744733954674
7392,0,0.46410046156252704
4366,0,0.5890437170488366
4508,0,0.30619453539910024
6619,1,0.4890282936541279
3826,0,0.4086568628080449
9979,0,0.3330035451661049
6260,0,0.4741987107404493
6958,0,0.5080090752426344
1559,1,0.4802054332461785
5357,1,0.3981804678520498
5545,1,0.5861268331319696
8164,0,0.40078722259442695
4450,1,0.561559307325431
8656,1,0.590127194866075
8956,0,0.6146628069106508
4048,0,0.32817750998584966
6750,0,0.3308991424055911
6808,1,0.48398236429209907
9754,1,0.5894990826125368
4592,1,0.48593427301050934
4811,1,0.48281083628545146
4649,0,0.48115471097632867
3958,1,0.5671648197537161
9085,0,0.5155944619831613
3921,1,0.5370588561211466
6916,1,0.5637783627688543
8379,0,0.4940348892293661
8320,1,0.6462663388341677
4834,1,0.4291452738750386
6360,0,0.5111118199810971
1176,0,0.25755853455474537
885,0,0.4569399359449071
5963,0,0.612965568816757
3412,0,0.5092058033762396
186,1,0.5625911916200059
7223,0,0.508671691087335
8857,0,0.4349198057800142
5255,0,0.4818041356660987
7081,0,0.37662932956026973
7642,0,0.4310909823506555
1531,0,0.37662432645826693
191,0,0.6153816668180503
4203,1,0.43659840483356976
63,0,0.5632974774451693
8251,1,0.3981939609709837
1736,0,0.5040852636594281
2013,0,0.5127944005728464
782,1,0.5952113521536453
8672,0,0.3261794717883066
9590,0,0.39869383127382135
4766,0,0.3511690151277401
9829,1,0.4850792682182062
7189,1,0.5940256537597104
9243,1,0.5347617854660714
4588,1,0.3725086721482416
8214,1,0.6688381617775345
3143,0,0.5096599261124504
3175,1,0.4294742617222264
2337,0,0.35202645412344025
115,0,0.48253789894067345
7819,0,0.5658420600949826
253,0,0.5028230306013608
6094,0,0.3791696337433585
4833,0,0.536502038718554
1474,0,0.48588061926351706
6026,0,0.7136062199474377
4614,0,0.42846367376901917
2860,0,0.48165652006751736
3489,0,0.4608290661813883
6648,0,0.3883968875120175
5768,0,0.2845558023023777
8582,1,0.5657445016856111
6466,0,0.6693935357162266
5056,0,0.4303515438434067
6114,0,0.5666727378387314
1705,0,0.5341283387126468
2198,0,0.4284630353106619
1625,1,0.5935959253985219
3690,0,0.33676542586213476
8807,0,0.45948860847012724
9117,1,0.5092524693902631
6596,1,0.5150987622401136
6937,0,0.5434990825505567
6899,0,0.4606253468616231
3603,0,0.3798946511536123
7714,0,0.5293952232131994
7003,0,0.4587185157525879
7605,1,0.6341954686773572
4022,1,0.3992326227216766
1180,1,0.45748738095819375
4708,1,0.5665722136228476
9752,0,0.43270653910797297
2084,1,0.5918300013956319
930,0,0.4541239743994046
2809,1,0.5643169747636094
5685,1,0.2858635821987065
8966,0,0.24342291865604265
4138,1,0.5475204666517641
6858,0,0.5411402795095691
9641,1,0.6146629493848856
5644,0,0.53867940517709
9697,1,0.5722582653822301
6653,0,0.5438132143930874
2800,1,0.5639371526897664
2609,0,0.5941287739429872
6280,0,0.4841495963973454
4117,0,0.38517228663270314
7327,1,0.5910246818831809
7639,1,0.6174108733308806
8445,1,0.4874715658370716
4803,0,0.432656232611259
503,1,0.5119083780434687
4457,0,0.5597660262168175
3205,0,0.4032712595697505
3956,1,0.5609930571938596
7331,0,0.43107736592280815
5063,1,0.6880546007094789
8594,1,0.5424192819385304
6787,0,0.3819708458024948
1811,0,0.4604938713001383
61,1,0.3304001907956936
8788,1,0.6428713490632489
7788,1,0.4237530212891642
427,0,0.5109314738073738
927,1,0.4797985406852252
4433,1,0.6188010667183127
3239,0,0.3834978212050595
7569,0,0.47791277502027624
9725,0,0.3797721554144845
3050,0,0.6172709514677339
513,0,0.5374045375197899
1302,0,0.548266288149403
4312,0,0.35964604988700866
2527,0,0.397649680316085
8442,1,0.5046863402730756
6054,0,0.28454010512995426
6473,0,0.6655945940502356
2705,1,0.4598867094784952
4020,1,0.5933035519173374
9178,1,0.6021691268893251
2236,1,0.509819942182381
8890,0,0.48844832394101023
5530,1,0.4394054681644222
6714,0,0.40910858266364464
1124,1,0.5422197465284259
8696,0,0.5327609073305927
9531,0,0.4279937055693432
7580,1,0.6210660833570227
7122,0,0.48308484542648267
5482,0,0.643017475413738
6588,0,0.46076922798074627
8546,1,0.6436494495362884
8377,0,0.37468857662858895
5350,1,0.5701116544264632
8713,0,0.4307925638493479
1146,0,0.33234974085413843
6637,0,0.393898159026898
8564,1,0.5660610827223467
5777,1,0.6104308792001444
4786,1,0.4797159773086373
4945,1,0.42755364822657344
9702,1,0.4861035811072943
9026,0,0.3907571111244374
3805,0,0.3481306478308565
4842,1,0.6112757091692319
3530,1,0.632374289270312
2397,1,0.5089930044330979
5447,1,0.45602549841973017
9692,1,0.6888684924963572
5914,0,0.43356153439421136
4504,1,0.5413953196124706
4300,1,0.4786515928410734
5204,0,0.5113391435674844
1536,0,0.5373930138654167
217,0,0.4287981990869273
3448,1,0.43579008549795134
8525,1,0.6680195007416252
1343,0,0.5754733492393913
3243,0,0.2579897132505547
2558,0,0.5205646725842252
2112,0,0.3529769925813935
6663,1,0.4331919532655401
6585,1,0.4780522519547876
3137,0,0.375326693285813
3884,0,0.358461570536004
1430,0,0.24739549736167793
5419,0,0.45092729277382537
5489,0,0.5430403551712684
6826,1,0.6428439127105039
1772,1,0.6198017544750307
9927,0,0.6380331734405189
9353,1,0.32656936907525336
5387,0,0.5356934977257611
2043,0,0.5680045728985117
1258,0,0.4565757452100918
8247,0,0.4864153908084722
5203,0,0.5364192090459765
7140,1,0.5644095051677746
1862,0,0.5066962373544104
577,0,0.20470276633268944
4551,0,0.592552260405489
8408,1,0.6417689035537311
5270,1,0.5605125644943963
194,0,0.4858193242773177
9171,0,0.382970219532226
9078,0,0.5159848200122159
9535,0,0.5659670718383343
5317,1,0.5144517070350771
6908,0,0.380911774039136
1456,1,0.5878091731434204
4473,0,0.42953376598998827
2400,0,0.4534799892142216
2694,1,0.6166512673481148
5453,0,0.5650917026277914
9532,0,0.3250034306789838
5080,0,0.4859773478592612
3238,0,0.6155979384161028
1948,1,0.5112353522542231
7377,1,0.6187653678296968
1009,0,0.35501174820590775
9684,1,0.5156058175501504
5724,0,0.537462478449786
4066,0,0.4544033793626228
6366,0,0.5098108694374344
1072,0,0.45681592840975793
9622,0,0.5661772887141074
836,1,0.5890268819452275
3254,0,0.3534052318680029
5784,0,0.5161781482438238
6507,0,0.5424468676631549
322,1,0.6439400931392002
6855,1,0.45128611405589586
3002,0,0.6425556023428868
8295,1,0.40200670954163625
8478,0,0.3405963677690374
8402,1,0.5421070765221896
6854,1,0.564166266743817
4168,1,0.6648240992801813
3661,0,0.4534809781239494
3877,1,0.5037152308382649
5433,0,0.48472297567915384
8754,0,0.4805866682870797
3140,1,0.6715211068623391
5216,0,0.3000074956619095
1566,1,0.6163590951725804
6083,0,0.6148404599798971
9096,0,0.4581341917798387
4472,0,0.4806165975831432
2682,0,0.6458262175152373
902,0,0.4274072747465846
6621,1,0.5577975239347429
1553,1,0.5712201353774006
9374,1,0.6106790084782174
4545,0,0.479293797263332
2063,0,0.6657197601961765
2389,0,0.6673265315327771
4712,1,0.5428549091391075
220,1,0.48554107535878127
3170,1,0.3987949164559623
9326,1,0.5204483660692134
490,1,0.43793659608836855
5619,0,0.4891297875772482
6706,1,0.593597946763304
6697,1,0.5686860707960759
4074,0,0.5297045177825369
7562,1,0.5605605096145773
9446,1,0.542359352399651
4571,0,0.6206341528402869
7923,0,0.5063218528843811
6391,1,0.6179525582811028
874,1,0.5954631570289529
2180,0,0.4019734256382525
6442,0,0.4800821128659201
8359,0,0.5369956271227886
9165,0,0.6457985562776
8437,0,0.33146392350404263
317,0,0.48620188678735593
381,1,0.4738116886307879
9094,1,0.47755139638796107
3819,1,0.5115432793298212
8569,1,0.516690817824807
3419,1,0.3083268528886924
9151,1,0.5419239021950456
238,0,0.2651478072740146
6964,0,0.48073864466689237
2819,1,0.4811527225583461
9310,1,0.2628058701568273
5605,0,0.5755008928786447
6781,0,0.42905561479782134
1000,0,0.5610867670438734
2119,1,0.6187240607750186
6309,1,0.3548820590310877
7198,0,0.4245610564947403
5283,0,0.2761213974419525
1648,0,0.4387667773270705
9376,0,0.3670929248246652
5296,0,0.462666741431459
1358,0,0.5899047584787819
2265,0,0.37654084749018263
4675,0,0.4007712407163901
518,1,0.48932678835128673
7084,0,0.28865596040783337
9894,0,0.54067238686644
5560,1,0.5129609662979693
7757,0,0.43020656092693565
95,0,0.4836133898497053
7959,0,0.6113827235362254
6660,0,0.37539440729168494
8135,1,0.5405852298162366
9302,0,0.45615190908209774
4742,0,0.48570441755565075
3445,1,0.27420333905549155
1709,1,0.40051727585856495
8517,1,0.4894062819460297
8498,0,0.40763515410820794
7082,1,0.32628758687955334
3232,0,0.5629369685406347
3322,0,0.42725044310573346
447,1,0.5056008602801331
9113,0,0.4316700297341142
429,0,0.4559695099616129
7137,1,0.6356241356528929
6843,1,0.5040453102104647
17,0,0.5713084902889001
3751,0,0.534681677962047
8150,1,0.5157925237215771
3477,0,0.4547291910075201
2079,0,0.48316088624450887
7520,1,0.38566159750778334
2244,1,0.5417454544321587
6385,0,0.507249610948286
1390,1,0.37272392662633747
7255,1,0.5627184231761325
5234,1,0.43541304802461
6421,1,0.5210669546611464
24,0,0.4713329754107163
1717,1,0.5662745092214538
4358,0,0.6188892523951888
7383,1,0.48263908236090985
6681,1,0.537043344049252
2783,0,0.40811471530520804
5152,0,0.6154179160654316
2121,0,0.48209037118380604
7405,1,0.6136927254317626
9321,0,0.562863342326377
461,0,0.36395764055598406
452,1,0.6667183311831133
5323,0,0.47933395216268726
7404,0,0.5098437000196078
3287,0,0.5415014197801767
3541,0,0.6618625616598824
6943,0,0.4841568560123178
1098,0,0.5612563906685196
9226,1,0.5105584662184486
3664,1,0.5905735127412032
1578,0,0.5110693692645052
5543,0,0.5067558797864025
6917,1,0.5720837749566482
384,0,0.48158259733687225
1467,0,0.45325659582033406
5858,0,0.38198707922681563
3887,1,0.5723829650083444
3551,0,0.3258741570460532
748,0,0.512432838358675
6246,0,0.5585998146713451
6407,0,0.3619952875416999
8955,0,0.5094005399706248
4951,0,0.507380643642745
5380,1,0.5086004061361414
1304,0,0.4682788011265488
7472,0,0.6129458858658061
496,1,0.5735678345551178
9164,1,0.5943473954719456
3505,0,0.41148521827842494
9827,0,0.39869247360462556
9261,0,0.5329536307722142
1208,0,0.408062076727801
8589,0,0.42786882736850607
8605,1,0.40733897605793706
99,0,0.4108367095025758
8679,1,0.5978681390266206
9895,1,0.5884858921869233
4987,0,0.6889222639736801
9339,0,0.4538899770858195
6924,0,0.5080884816411507
1546,0,0.5391497380181899
7301,1,0.6209475203388358
4486,0,0.594716417280597
8766,0,0.5694250928090022
1426,0,0.4620367270575869
601,0,0.3773290223652354
8224,0,0.4549774093537111
1560,1,0.42506101606557406
643,1,0.43041666228254205
4003,1,0.5110008327889285
4812,0,0.2859250457152399
3583,0,0.4564676712744098
5936,0,0.3781673886103865
3533,1,0.5373227050576874
3084,1,0.56189793862601
3770,1,0.5110659126499437
7551,1,0.5570259930186122
8365,0,0.3269810952961733
5122,1,0.5054666042331596
3616,0,0.6412207624389992
7992,1,0.5340868112673918
4895,1,0.48438018253820114
6423,0,0.510114370613376
1895,1,0.7125828084652959
6336,1,0.42479065580712694
731,0,0.4660895006898256
4254,1,0.5409253186010106
6830,0,0.48622386562739733
840,0,0.38024878132073947
1179,1,0.48621322309386367
2973,0,0.5405985509075036
4797,1,0.615986220162618
2723,0,0.4761673892780881
8570,1,0.5082396247786917
2958,1,0.638312008833964
2832,1,0.6215828398127916
9180,1,0.575421809435925
8179,1,0.5401535925876629
1554,0,0.4309196930357779
3912,1,0.5116831891791287
6829,1,0.596930635851133
5589,1,0.5898538888860126
3578,1,0.5724661860745118
2557,0,0.5648356974374092
4941,1,0.48325954254034226
1306,0,0.5362969889100722
9809,0,0.5067284686883583
1157,0,0.5688101767472292
4170,0,0.401179812118917
4104,0,0.5410858746918779
1083,1,0.6682811319469067
6703,1,0.4475699985217034
6331,1,0.5897934849766011
4883,1,0.4806013867165943
3873,1,0.6198409330842077
5829,0,0.4855509657159127
9563,0,0.4533105173688372
8280,0,0.5109897741935766
7336,0,0.6081553863232846
7108,1,0.6407200869277115
603,0,0.5336197118469638
3044,0,0.37803453224423733
1649,0,0.553678614274609
5661,0,0.4519925715584201
6303,0,0.3542597809734397
318,1,0.4062185095884703
3209,0,0.40736282222045633
8938,0,0.5692465658979371
6404,0,0.561665030809407
491,0,0.3317288164505632
9457,1,0.3735113735993389
3409,0,0.48648836922547284
9556,0,0.4328689210764772
7676,0,0.5761131461550156
5664,0,0.5439865914627113
2587,0,0.5152991267796825
6425,0,0.5171894237956566
5348,0,0.42961555194920353
3411,1,0.4276136216714983
3332,0,0.482139010949526
1346,1,0.4595234285830699
207,1,0.444276863341221
5860,0,0.4864924713034648
9962,0,0.47757236888520066
2523,1,0.5086081804144938
7845,0,0.48795684656993993
4538,1,0.5648909200584655
9910,0,0.48309066122395833
3469,1,0.46338459509950947
6148,0,0.5152369101985248
6084,1,0.6119343501584562
5418,0,0.5151358357436356
7674,1,0.42756370469536253
3589,0,0.6893799792963726
397,0,0.5077926884046917
3061,1,0.6691703051617433
411,0,0.3807109413383999
4282,0,0.3587199882808774
7577,1,0.6167514175618873
2888,1,0.5685580693452673
2227,0,0.40457255881122384
2338,1,0.39040178798710945
9610,0,0.5865725121688372
6869,1,0.5218149913416857
3503,1,0.6904964711962001
6542,1,0.45642979462875194
7403,1,0.5629324672587962
7984,1,0.5669162379385393
4730,0,0.6195694987445292
188,0,0.40325993563087953
4575,0,0.4471411721820499
3112,1,0.4240076387752895
587,1,0.39685111458902395
8204,0,0.4334605846502367
4398,0,0.6453045933016816
8063,1,0.3513627543822832
6338,0,0.5683047640436063
7179,0,0.327958568216993
3108,0,0.5622712989516951
2495,0,0.45670430332299305
6227,0,0.48411559389927933
6609,0,0.48287656411736063
5773,0,0.5652026813009099
212,0,0.4083856151529901
2137,1,0.3555571803206094
3883,1,0.5120882721616699
1026,1,0.45693062078521746
2445,1,0.4216440060367993
1719,1,0.4335046714354723
6701,0,0.1871848411077549
2971,1,0.48319969471394986
6085,0,0.5109082314674268
8799,0,0.5115225227474498
5718,1,0.47404625422655944
9941,1,0.564932309263577
8077,1,0.48057196777179423
2579,0,0.48518949446947424
2848,1,0.6640631291626278
8432,1,0.48391881410112153
395,1,0.5375093697163357
1877,0,0.563298869513584
9911,0,0.4572020064061922
5670,0,0.4270184097480066
1245,1,0.4569745076485895
6228,1,0.5131883835754392
1745,0,0.5372489011207426
5112,1,0.4626522970897053
8319,0,0.5109019172307132
2071,0,0.3299167637174094
2834,1,0.535311610449098
5993,1,0.4047438644860277
2642,1,0.5355784852324664
8054,0,0.3731912421340414
9244,1,0.6390366101605216
7556,0,0.5121250115572166
9795,0,0.613499229583616
483,0,0.5861929947386872
4258,0,0.43291185771577884
6614,0,0.45782933739620907
8891,0,0.4635966848120645
3499,0,0.38234618868395276
1764,1,0.6172000062970376
6138,0,0.6406474034999148
3400,0,0.5684383309378503
8619,0,0.5615121452571814
880,1,0.5923855231442353
6901,0,0.3287803730258366
9650,1,0.6194004948410428
1894,1,0.5910844652148921
4217,0,0.6464374420468032
1761,1,0.567284733428205
854,0,0.4230011521146487
1486,0,0.6150047973453091
8199,0,0.5122615801476134
2998,1,0.42530768153923276
7636,0,0.4811417323522107
3237,0,0.4890175038369454
4853,0,0.3741278080485689
7036,0,0.4902502798944827
9102,1,0.6172881878650572
2786,0,0.4844664982594829
418,0,0.5293451371699409
192,0,0.5621225408460188
6911,0,0.46119632415097295
4828,0,0.6090654133549254
570,0,0.42691434314488647
7104,1,0.6676322721633596
6007,1,0.6398836667971595
8303,1,0.5118713324391485
4847,1,0.5879099026014789
7371,1,0.5610062432242702
1152,1,0.4908570631992912
267,0,0.4840312427147346
1403,0,0.5102850015248106
5412,0,0.4541055188108077
4036,0,0.43455264424348966
391,1,0.3969725370880644
2718,1,0.5071290163727113
5131,1,0.5354910476659361
7616,0,0.4265028044958985
2138,0,0.5914296975387932
7340,0,0.4092835547268697
651,1,0.5953757475732009
1151,0,0.3531448250073423
2806,0,0.5894087240620824
5010,1,0.5915163136116032
3334,0,0.5069426287177865
1781,1,0.6433934067275303
6658,1,0.43266329826514566
9722,0,0.5586171661015942
1336,1,0.4913736959361166
2470,1,0.6140717399649886
5083,0,0.6403333989671715
4682,0,0.5435184817790941
9262,0,0.6694314782250945
6863,1,0.5729368290595858
9367,0,0.454419298411958
7617,0,0.4820724819728842
1284,1,0.42263418535320063
8651,1,0.4378468939507106
673,0,0.5433615197949787
8827,1,0.33476441965388226
337,1,0.5378609373862893
5935,0,0.5111333236382528
732,1,0.6137505238642667
96,1,0.5344386795731744
6873,0,0.42475208982444
5746,0,0.5362571320769414
8454,0,0.2532741217375679
4836,0,0.46140466368590677
5573,0,0.45561803692816577
9449,0,0.5423503189954147
9177,1,0.5409063073808178
839,0,0.5687937121016903
5835,1,0.5077049698563689
1716,0,0.5720392625370718
6254,1,0.5072777127498517
7429,0,0.5773646551235412
7931,1,0.44846181038922633
2620,0,0.4637923737824972
8105,0,0.614400418402957
1591,0,0.47905928397572783
5052,1,0.4042083989949089
3288,1,0.25322599550986313
9901,1,0.3518426671435178
846,0,0.35533914465805316
7178,1,0.3657105025432603
64,1,0.5433272521430026
8330,0,0.5393340110326857
2104,1,0.46528219903790463
3031,1,0.5928322227445602
7705,0,0.4588992112280355
7163,0,0.38251694946806525
5469,1,0.54267852038761
1694,0,0.40702197821568
9984,0,0.4409215958319133
7372,0,0.5123645950512267
2874,0,0.4342713917795107
4329,1,0.40528088961406095
333,0,0.536044330223534
6676,1,0.2840787607632123
8587,1,0.5619917607100373
7838,0,0.5676473258227448
4864,1,0.46565729049734184
1374,1,0.4044821623003374
7868,0,0.32728157925521023
8370,1,0.5577305562453863
6047,1,0.5441414391957311
8099,0,0.4800470298504814
4784,0,0.3831069150419818
5606,0,0.5877778001044804
7379,1,0.5073177925212481
6824,0,0.5653334800878099
9320,0,0.4462345111388695
2624,0,0.26259191913821256
6994,0,0.5325167529388166
5653,1,0.48775441618119286
4406,1,0.537180414004053
675,0,0.5930816462647607
6957,0,0.5094410720286178
6193,0,0.40496993973285217
2247,0,0.568831714376594
6773,1,0.4337073978015252
5925,0,0.4806931824954949
1189,0,0.4277282105726267
1730,0,0.5926820361960763
2629,0,0.48371104427823225
7783,1,0.47982741257439665
1612,1,0.5150147317979201
6927,1,0.48648385624842855
5965,0,0.35725881514257124
6748,1,0.3825477402137969
6043,1,0.48412239563217346
284,0,0.30348262140686916
606,1,0.5900095100269881
859,0,0.6141412903763566
1900,0,0.6445141113721023
4520,1,0.5331798801009614
5920,0,0.5647362445439573
4107,0,0.4289146996506911
7971,1,0.4289178580424191
7499,1,0.508417602020203
7986,1,0.6660429670087357
3600,0,0.3741992280279376
4781,0,0.40458683469416046
7632,0,0.4848318781107255
209,0,0.4044853202786704
1039,1,0.5370412906970081
973,0,0.41992778736310205
3087,1,0.5144573076690409
4387,1,0.5106422033205372
5778,0,0.5888432814543108
2569,1,0.4346657314701516
8993,0,0.45766072394353163
6399,0,0.3797799888113616
6977,0,0.5626626255434257
2382,0,0.5975117426766968
6534,1,0.45720337544475603
4478,0,0.47731218798817016
1059,0,0.5113547478018167
4487,0,0.5917123146715562
4308,0,0.5698467436767927
6349,0,0.5898737490844099
8029,0,0.4530880057296983
1479,1,0.6419428114345646
6521,0,0.5037652490372749
6605,1,0.6430555194371772
8868,0,0.5149663160581456
4556,0,0.4376696443394294
9427,1,0.5607207223660006
9070,1,0.5400772361545307
9295,0,0.5930490357094311
5919,0,0.4251144720552756
5526,1,0.5148741694688643
5635,0,0.47703243546131485
1117,0,0.48117376675307655
5401,0,0.48942761129308954
1754,0,0.30158409570449296
8182,0,0.5601341610678352
6713,0,0.5159572737981963
853,0,0.5938888143420372
2928,0,0.5664308207201091
6173,0,0.431812252945658
789,0,0.6418185799560147
5564,0,0.43324336267767394
6426,1,0.6652508240314412
2274,0,0.40733851160871615
9128,0,0.5734587432727168
7713,0,0.6176376905458139
4147,0,0.48313911082366057
5771,1,0.6175235337734037
130,0,0.3353615623039356
2662,0,0.5076837634489326
5481,0,0.48734689052574537
3788,1,0.612126548122125
4999,0,0.5903636648050922
2842,1,0.6153716730043718
907,0,0.5320291159014875
9025,0,0.4836420646730825
8557,0,0.510974028728623
6127,1,0.543449521293398
1521,0,0.40634910513112704
5794,1,0.3682214149955528
5003,0,0.4321600102464683
1173,1,0.4024882767624877
9788,1,0.459768656009654
5295,0,0.3748149489458261
5485,0,0.5159845264611703
9441,0,0.45218730377720706
8459,1,0.4871410483434747
815,0,0.4035982428176491
6460,0,0.45921580381800386
7419,1,0.5364827017674038
4438,0,0.5675428553988849
8253,0,0.5403261273529785
1159,0,0.35272440582732795
1200,1,0.42287716038093587
6176,0,0.39845964438262077
2866,0,0.4311943702598695
9195,0,0.4592915040958213
1051,0,0.41967076505452316
4077,1,0.5877460008495516
8340,0,0.3040029301836819
7996,1,0.5701251818478323
8732,0,0.5875921946895423
3882,1,0.5852286532502073
2768,1,0.38276208415383006
7169,1,0.5420145672905852
9873,0,0.5377366167303936
9049,0,0.3809363081821285
2913,1,0.5075583455721056
7602,1,0.5318318140224099
2952,1,0.513843682871233
6202,0,0.3352060691579798
5994,0,0.4052060815978678
3905,0,0.45533469980788416
9871,0,0.3088911339529872
9024,0,0.38085318452795264
4799,1,0.3109762362131925
8274,0,0.5451104146080515
7564,1,0.5649379607419083
2208,1,0.5577911711420426
9099,0,0.382798947369808
2205,0,0.5455528692772296
6008,1,0.3428464330855241
9047,1,0.48590416151767063
6281,0,0.5669577523329974
5988,0,0.6404677381553006
9032,0,0.5902322999269826
2572,1,0.5956695152791196
5014,0,0.6188080184638234
3321,0,0.4302516887081115
8848,0,0.513623018084843
4821,1,0.5344676188290884
5985,0,0.6000036397970302
3731,1,0.6167933674583039
4471,0,0.3000923063859662
7164,1,0.5153636178553526
6201,0,0.5188787281520211
6249,0,0.3512112979855731
140,1,0.4595984274114121
2939,0,0.5466185409879935
2385,1,0.6662529025659361
9860,1,0.6150457140186583
9701,0,0.4858232816914416
878,1,0.5094538508427695
4668,0,0.3663624100359785
3162,0,0.4616428549968432
5190,0,0.5099035411915395
8922,0,0.42770287095426046
2107,1,0.4127313846526333
3978,0,0.3247217856513882
9592,1,0.5934687991522
3488,1,0.4816382667430901
4012,0,0.5936711780617935
455,0,0.4316851671880643
1192,0,0.45591127574129103
7744,1,0.46030801871950483
540,0,0.48725928122164186
5882,1,0.4536996778233575
3244,0,0.5149939381789519
5904,1,0.4626723549862048
2215,0,0.35534785125453094
3347,0,0.6444885320602657
5689,1,0.5926939234483481
4931,0,0.589484270461743
4822,0,0.4011532578901779
6828,0,0.4249825880863665
2081,1,0.5636930434936273
6175,0,0.4783879830052484
808,1,0.5197677307755714
8270,1,0.6173156000212238
6724,1,0.617404309937151
7775,1,0.42942556748331634
4206,0,0.31722976676642034
5570,0,0.563969009647628
5867,1,0.6917035162977561
6944,1,0.572805648997249
8403,0,0.567090021115238
3109,1,0.5645092394962427
8210,0,0.4821023250779226
269,0,0.5851942959636395
5531,0,0.3631393391418189
5947,1,0.5651927710594196
9877,0,0.50914961636713
7434,0,0.4289776767508866
1003,0,0.5367526334675736
4024,0,0.44994977576938333
8426,1,0.5604463195809002
4901,0,0.594432891584464
7555,0,0.454084235075119
9780,0,0.3571130106279962
2220,0,0.4059029772912977
8971,1,0.5174064815925868
7862,0,0.45705327472818147
4991,0,0.5438165962054736
938,0,0.4816232800693091
399,1,0.34889288740394575
8383,0,0.6683995313709428
6294,1,0.417937164477163
9992,1,0.5147053787555483
3727,0,0.5695370385790466
5996,0,0.42960633834820744
1453,0,0.40219874637949504
327,1,0.6180198415234315
7910,0,0.5637096419025918
9576,0,0.35667810490121626
2968,0,0.4609470082236729
7224,0,0.5381852039460191
5508,0,0.5874207015769375
4267,0,0.5634837565070455
6070,0,0.5963407328627871
5563,1,0.4345931322247393
3574,1,0.5417558076255156
6891,0,0.6186526309185851
6601,1,0.2696172471953949
3245,0,0.646199250034418
6170,0,0.5103375439407815
8703,0,0.5933907123957309
2880,0,0.37713964801668015
404,1,0.4812128224943551
2607,0,0.5110680095938326
4436,1,0.4859282618583329
3657,0,0.27305813372242105
1476,1,0.5196127958427387
147,0,0.32873584974988596
7531,0,0.5902091134823758
2131,0,0.4548373779542667
9676,0,0.4042488523994935
3641,1,0.3298994544247599
5155,1,0.6143352056065862
2192,1,0.6436734019615171
9034,1,0.5892931637065761
1366,1,0.49233990808420497
3937,0,0.3977828759505867
5274,1,0.5375481570749624
8491,0,0.35622993892957905
4477,0,0.4572955780535621
5957,1,0.670009837488018
7374,1,0.358045539632684
84,0,0.448874562532133
5017,0,0.4036496831718443
8035,1,0.5378428716047685
260,0,0.39907427615503555
6461,0,0.5861641898291611
4482,1,0.5685215513192737
5887,0,0.5622263039313594
6536,0,0.32144007754340365
9511,0,0.5148757238486562
1608,0,0.42331282244960183
5728,1,0.3959453005063693
4396,1,0.6409354690852025
7064,0,0.486182035530064
772,1,0.4644779373503402
1585,0,0.5042486743058642
9090,1,0.3599588781817311
7205,0,0.5081958171660763
5491,1,0.5629915675691802
4650,0,0.31873099245221603
5642,0,0.5043596983368203
2167,0,0.5911359732186859
8036,0,0.6212774664868834
1620,1,0.5412700486384838
5320,0,0.3771076254440589
770,0,0.41138965472209066
2045,1,0.5614819954610158
7318,0,0.47888381024253174
10,0,0.42324367530542056
7432,1,0.6155206420507202
1221,0,0.4920081363607669
8664,1,0.4024778626562299
8010,0,0.1951992297171282
174,0,0.38291067429599535
3157,1,0.5750290614914966
9660,1,0.34514147295968123
6400,1,0.5398227773373085
1873,1,0.6431773824074498
4763,1,0.5454772875639124
2914,1,0.3099948326597432
8677,1,0.4006307620564681
354,1,0.5409890213599063
7061,0,0.6073480219579753
9292,0,0.43018984240545555
4420,0,0.3961799090681721
3029,0,0.4815149159842462
1397,0,0.4813344945529983
9082,1,0.5414043886460745
9305,1,0.5199829547141968
8162,0,0.3667242189751068
6490,0,0.28450473739482957
6861,1,0.35840235391396064
8240,1,0.5311888796118787
7191,1,0.3996537501722247
6141,1,0.6176411697364576
5389,0,0.5089363533194834
3250,0,0.5146723775738771
9134,0,0.480288250161324
263,0,0.4318718681579716
1848,0,0.3459851850356714
5471,0,0.5896628721911052
4098,1,0.47988681471247396
8604,0,0.5614021678345222
9547,0,0.45748415255189795
1602,0,0.5143570072870567
3314,0,0.35467418573036835
6685,0,0.5115435105665128
3988,1,0.6660525578834552
9349,0,0.6689520996050253
4111,0,0.6439016995524506
7716,0,0.39947115837117525
250,0,0.5199617669164279
4515,1,0.45447651118035765
7325,0,0.5900095100269882
366,0,0.36986409524573705
3247,1,0.6186498448399009
507,0,0.5594246653079645
8849,1,0.43146560860186944
8729,0,0.36930899222707325
6888,0,0.47691380074246525
7503,1,0.29847983300948483
4807,0,0.37480832579281176
3185,0,0.24771843422641857
2494,1,0.5400255226283399
3889,1,0.4577372138465763
9773,1,0.6114053095819966
8689,0,0.45632753842552204
7658,0,0.542165238709977
2329,1,0.5932951771594223
344,1,0.5383046433056974
970,0,0.40568794112220075
9675,1,0.4310407922213254
2649,0,0.38892775603256813
3673,1,0.5324684875058014
7332,0,0.533080898772393
7418,1,0.5099829706633704
9793,0,0.6892666809140434
2792,1,0.47766070930689336
4527,0,0.3536847501424638
3041,1,0.5696090462577598
6841,0,0.50651427520654
6059,1,0.606608618358848
8991,0,0.4248119081732997
1661,1,0.6145987529766466
8169,0,0.33211483446143125
7102,0,0.45247193413017633
4437,0,0.4834662002116762
2113,1,0.4820304633054489
7843,1,0.6450998795100752
1289,0,0.4763025144270817
205,1,0.4719814127803043
4338,0,0.4494938691840877
3008,1,0.5149892754245782
1236,0,0.5378661709953545
2941,0,0.5897593193342446
8496,0,0.510819204835118
3208,0,0.4647387014753463
3260,0,0.44960061953578234
1172,1,0.6429065314099746
5557,0,0.44841025565306564
8721,0,0.43069877843261584
2821,1,0.6426977352354241
5411,0,0.5175630157557755
1413,1,0.4897571258984791
5979,0,0.5073721740928651
8530,0,0.47730470913888484
1340,0,0.48869925071991294
8655,0,0.6924936864572263
3422,0,0.605986608117223
2791,0,0.4066042008048715
504,1,0.5631623142767851
1778,1,0.6190020763981486
4122,0,0.4843358625469168
9021,1,0.5971012867957379
9748,0,0.513355651310318
4324,0,0.4903148865582889
3270,0,0.5658910007036674
5776,1,0.4281871851154067
4540,0,0.48025194049624226
8631,0,0.5062762671333738
166,1,0.572684366605823
4220,1,0.6175364879443488
4922,1,0.5085491667757186
1726,1,0.6654403055745833
9080,1,0.6452233291513283
9698,1,0.3784543459698668
1611,0,0.4021404127682386
6694,0,0.5642967937983496
5659,0,0.48488007073058514
2751,0,0.5347055644806037
7683,0,0.537155250888257
1060,0,0.4847163980323754
7428,0,0.42922166570922393
8024,0,0.48746081968623545
3536,1,0.6371273736030677
8447,1,0.5033290880677191
158,1,0.45216200143198154
7818,0,0.45455556217930815
7880,0,0.5324419261286806
7925,0,0.4337035571254987
1605,0,0.35199382573739474
1883,1,0.45336372917482387
7536,1,0.5908571280185345
6459,0,0.4626424650219711
5786,0,0.5941145085318627
1050,1,0.511373620033042
6636,1,0.4828613148259885
2847,0,0.47248952150915347
9982,1,0.40292138448748716
7447,0,0.40373476821634335
4995,1,0.5654915370733417
783,0,0.3263338176428535
5103,0,0.35870727308808575
9856,0,0.5137265358823089
3510,0,0.6172012676309186
2407,0,0.514872180096481
2102,0,0.48715912444399817
567,1,0.35343954215708673
2501,0,0.5433169056858093
3688,1,0.5434773061882245
5290,1,0.5739111814418344
1316,0,0.5389771363058653
9314,0,0.6175109481876854
7485,0,0.2724617873000209
4524,0,0.5147831710630314
9800,0,0.38173930029676656
3796,0,0.48508698567746616
6498,1,0.5418511567687336
9035,0,0.3857013292445122
9990,1,0.42341332014766625
1831,0,0.21400799983631094
9258,1,0.5907873778732905
6032,1,0.40355646080377044
6270,0,0.5329899760101733
3333,0,0.5080670358811994
4969,0,0.5641564278770379
8785,0,0.5583041200522401
2485,0,0.6128912231456249
48,1,0.45484836093628067
4007,0,0.5896782836844717
2444,1,0.5691579530235902
6669,0,0.5595759124625238
6205,0,0.27685352251677703
8874,1,0.5154135139828155
5392,0,0.4850547566386745
7412,1,0.5396839104863634
7401,0,0.5124013192914441
912,0,0.566655035660004
6876,0,0.39876095246757354
7954,1,0.3248885513633083
7382,0,0.3098380972834301
7567,0,0.3701783495438381
7997,1,0.6444409437068792
4084,1,0.46027060222723876
1814,1,0.4877687330553635
3399,0,0.5403260641361042
5699,1,0.45617733299188223
5041,1,0.6141022740343138
7484,1,0.6026307352141131
5529,0,0.4794874704336078
169,1,0.35883766663170746
9345,0,0.47951808678891406
2957,0,0.5889940674140193
4414,1,0.5139143294594664
5055,0,0.5879027652780173
556,1,0.45582828876659925
7087,0,0.2754023618920647
6715,1,0.4797327814506124
445,0,0.5047704253409508
2668,1,0.5648277580506297
9136,0,0.6737161990780366
7342,1,0.5156811279986547
5738,0,0.5112477299268584
3925,0,0.5649801102664345
161,0,0.4853926589238301
4917,1,0.46386463740784845
8505,0,0.5119268181730071
316,0,0.5322266995784459
2738,0,0.45725997913822514
7461,0,0.6649346287447929
9135,1,0.5850488763601536
5971,1,0.5656480952509049
2065,0,0.5345452572417324
3408,0,0.5582980061664606
241,0,0.2984810913889508
944,0,0.2776140338921318
8160,1,0.485617997987178
8177,1,0.38138315354713764
2168,0,0.4831646819530722
3866,0,0.5044548098668147
4106,1,0.5613795245454988
5027,1,0.5623303483695298
3158,0,0.41303817328896353
2790,1,0.5348177665189552
3904,0,0.6151810167686645
604,1,0.5368498528526948
9420,1,0.536663720333027
3760,0,0.35227741245507554
565,1,0.6436899888218175
5945,1,0.5615428984282134
8262,1,0.35361078188500444
9803,0,0.536714712530872
2092,0,0.5655633917076522
1548,0,0.5447865335944088
7812,0,0.5058783873846391
7275,1,0.5091419537117272
628,1,0.5030713465577269
1303,0,0.5081795624870875
2878,0,0.5385923659783903
8201,0,0.4359994458513182
5134,1,0.4834606755351773
3666,0,0.4508071232186771
4855,0,0.5871907298615822
6561,1,0.6170483221699332
817,0,0.48624851918022216
5375,0,0.5075298305037805
585,0,0.4550390766907434
4940,1,0.4569002477141047
4779,0,0.42840580591220223
1515,0,0.5048905940038287
1475,1,0.47404028347229454
1310,1,0.5074666097644012
2136,1,0.5383453547063307
101,1,0.5056651440114894
112,0,0.6216027604504955
1243,0,0.643729276775749
3355,1,0.6444748277649558
4383,0,0.5062580216471987
3569,0,0.4806518447478139
7302,0,0.3928055127354006
4590,0,0.40364608438602295
9963,0,0.4829779722138222
8925,1,0.6444748487262482
3736,1,0.40327181673048446
2588,1,0.42968948138063673
6363,1,0.5612192370542736
8252,0,0.44854087568470696
6760,0,0.56068138839633
3337,0,0.22007049123268616
1668,1,0.6400769511456519
619,1,0.5827417282915412
4058,1,0.5745011852225365
4448,0,0.5124783710642626
7029,0,0.2566243328862735
7972,1,0.30334169953110607
1214,0,0.5674458469513163
9612,0,0.47935266220525463
7213,1,0.5075859153274461
4188,0,0.3552607342254499
3694,1,0.48143263694677596
3714,0,0.48340911156801303
7387,1,0.6648240992801813
1220,0,0.5675242259864287
4926,1,0.5957192072371283
9904,0,0.5370475912584529
2139,0,0.4823615443408507
2893,0,0.5426477712466082
6641,1,0.5376288727053915
547,0,0.37889054889215334
9323,1,0.46180746015225316
6213,0,0.43251106950470697
2963,0,0.3989321318026933
4870,1,0.5335506306145288
7014,0,0.3814138858463847
543,0,0.4044101072245621
4434,1,0.401119403841008
5273,1,0.5379297991016202
7227,0,0.4478215250894157
5219,0,0.38174066711377075
7950,0,0.48181123364216605
6805,0,0.5067056517845987
7682,1,0.4326865300697221
5073,0,0.46568506939537613
699,1,0.5066060887533972
3544,0,0.5672186473401041
7644,1,0.5223671748276435
7820,0,0.6185080073545691
7917,0,0.3995432478076282
7217,1,0.5685350639603963
7689,0,0.4606690567028209
5804,0,0.6221241921484025
4303,1,0.6684107854203033
4531,1,0.36217337885497813
373,1,0.6912179705636741
2784,0,0.35625658596202264
2182,1,0.6384038763226535
2051,0,0.539070851461952
6962,0,0.4579303836894666
6976,1,0.5636040138666683
3451,0,0.29805438456841415
4596,1,0.4717856158635103
5548,0,0.6625050772848681
3916,0,0.3505776951287744
6633,0,0.5159069292295587
3980,0,0.6435362508580507
7365,0,0.5129691698620071
9639,0,0.4880708111366085
4734,0,0.5927425075832461
1261,0,0.5713100241503135
2512,1,0.40348454754620716
5092,0,0.45800970404924446
6555,1,0.6140098968368066
8477,0,0.4074150858139344
4840,1,0.5878607638461969
6625,1,0.44649802237529695
4872,1,0.5406194347458504
8575,1,0.47492871257597336
7239,1,0.4299325857614751
9471,0,0.5909908149938073
9066,0,0.40991331027936545
3388,0,0.5294636176391674
7489,1,0.640144898675383
798,0,0.3879914918884214
5454,0,0.5630646536381634
4634,0,0.42451452540251117
1297,1,0.6106868970592053
1492,1,0.5099336602044768
600,1,0.4754006004017043
6909,0,0.4038351533006022
3204,1,0.616181825009368
5457,0,0.5056176165129468
3340,1,0.6696865852287521
6884,1,0.5947534240870002
6593,1,0.4539115481125445
4838,1,0.42116950200953934
5577,0,0.5891193776658861
8475,1,0.5146311049795611
150,1,0.5649277429869538
4804,0,0.5396165524292601
6568,1,0.3961311741683198
3017,0,0.5951728573591424
1011,1,0.5142078780914809
9759,0,0.5135873463262443
6634,1,0.509057991368873
9831,1,0.5406521135323914
8277,1,0.5412449943316433
9921,0,0.5125073359889878
18,0,0.5407372781943777
727,0,0.30569664744589037
8070,1,0.2678791281928373
1154,0,0.5403428167142554
4688,0,0.4276734709212939
1933,0,0.4860339575035225
6831,0,0.40460900371596037
5824,1,0.46127190667172435
2391,1,0.4879259689727955
820,1,0.5627584584400395
6413,0,0.4492610271419491
7696,1,0.5358736173844088
4844,1,0.3271750185050693
8499,0,0.5144016152169594
1843,0,0.3774930720465895
6335,0,0.3435456813590443
6045,1,0.39542557781507326
8813,0,0.4594951341658811
6342,0,0.40182094906800314
3177,0,0.3307639097089935
9126,0,0.5631144508689472
6019,1,0.5589285224043434
8380,0,0.4803365452090558
9530,0,0.5410962443322765
4792,0,0.5102943608126069
4431,0,0.3561420222855641
8624,0,0.5905050942765913
9300,0,0.3763972465913354
7391,1,0.5885908894889039
1878,0,0.4255593881536765
1741,0,0.3325995379326787
4789,0,0.5393749501003615
4501,0,0.5648205547651628
9580,1,0.5174781279783528
6250,1,0.5050528290809065
1513,0,0.5045164085872547
2555,1,0.32049384493025995
3977,1,0.5905452832695883
6296,0,0.5392233227071547
2549,1,0.43120104209138277
5222,1,0.48043261140760896
1138,1,0.562418020404362
9512,1,0.35274914479263997
515,0,0.5615388623980209
9064,1,0.4555697118350492
4212,1,0.5950474901741263
3744,0,0.507555467710533
2744,1,0.5663690105522754
9876,1,0.5117715207709342
7118,0,0.617470489624394
646,0,0.48432791465525016
7746,1,0.5642721545993773
2297,0,0.43377913512718796
4654,0,0.4860942789417013
5986,0,0.3025427356398845
6932,0,0.5390320092328779
1642,0,0.5079046039399427
4447,0,0.39145585058039745
5221,0,0.5384784266411138
9335,0,0.5909290155747697
6603,0,0.5116967127923616
2976,0,0.5341118647372679
3920,0,0.5907229118440749
3627,0,0.5378224406669859
4386,0,0.33247908870633663
3967,0,0.4774049507137704
8433,1,0.5938311984903973
9475,0,0.38214964566471366
6761,1,0.4435930669297389
4642,1,0.6130310594243968
7949,0,0.37347472518702407
9919,0,0.5112396616585541
1990,0,0.509116196631597
6311,0,0.3827596980726466
5891,1,0.45516641042144196
5308,0,0.5873507157977642
9813,0,0.5380422379074602
4553,0,0.45372320774528335
1898,1,0.48017672428592356
4476,1,0.3224367777033648
9822,1,0.4836491612547009
2978,0,0.3502144474705637
5831,1,0.6189156210122325
7454,0,0.5860780943327876
9657,1,0.5145401967523112
9733,0,0.457887014140308
6574,0,0.5673361061294002
8617,0,0.35604986587861687
2871,0,0.4876515652160838
4281,0,0.5941132716210401
7451,1,0.5158818359920391
5907,1,0.3051422644494074
5459,0,0.4618839958017768
4069,0,0.5637030515091012
1854,0,0.4912225419565026
3507,0,0.4683806452929927
335,0,0.40953463246372485
9000,0,0.4531334648127199
5187,1,0.6204376970582711
4687,0,0.5385057981179399
1826,1,0.385343369024458
5343,0,0.6093330808330927
1651,1,0.5346025650687201
3136,1,0.5636110910766909
8188,1,0.5612223135026133
5509,1,0.4889909408552687
9266,0,0.43910414975240625
3222,0,0.6198302261794333
5478,1,0.4114510100502351
9526,0,0.61361940323183
7059,0,0.28646865089861495
1023,0,0.3527561750482389
8532,1,0.46198737097820375
5039,0,0.5893995793442152
5256,0,0.5909587484478925
7754,1,0.5438474435858055
3944,1,0.45366435109150854
7320,1,0.6670194484078856
2475,0,0.6106495702690817
3042,1,0.5958943231599453
5157,0,0.5408609403305539
1947,1,0.5645007525619626
4547,0,0.6175418002815918
9521,0,0.3420437995179564
7443,0,0.35477357561376605
9357,1,0.5151002408589382
7719,0,0.3563311724672572
9450,0,0.5669182935310779
3125,0,0.35131833462534484
7117,0,0.2652044259002604
1001,1,0.4127927428871951
2074,0,0.4621661960501147
1307,0,0.48842171757059266
6178,0,0.5287639573611437
1949,0,0.4315574368813812
5849,0,0.5043310584704062
6671,1,0.511627052454792
2539,0,0.6185654775808986
4489,0,0.4251732896925726
5502,0,0.535674094160209
8783,0,0.6177147318808837
7927,1,0.4540282524652869
7384,0,0.48910701190231726
3013,1,0.5396168444466382
787,1,0.5658986057371839
7767,0,0.45702368815420696
3643,1,0.6895767965201367
6157,0,0.45315727838499126
6674,0,0.5397392944573953
4,0,0.49098388856844344
3749,1,0.6615147295705048
8293,0,0.3779062709839943
1598,1,0.5369329146563198
2210,1,0.540131802669789
1511,0,0.4060137499795381
552,0,0.5356352376593797
3528,0,0.35248938698061777
6452,1,0.4339361062915862
3378,0,0.4570498181597693
258,1,0.4837806662568782
5748,0,0.5417292405405952
8699,1,0.510366431869561
8144,0,0.5163495637566892
7672,1,0.5397430637163825
1675,0,0.5915689589197336
2856,1,0.4546076870735021
4467,0,0.5085086289191547
3869,0,0.5938648446644602
8811,0,0.42196607809878994
6769,1,0.31023163709858353
8463,1,0.6650497960539141
1577,0,0.30221617274577267
6380,1,0.4806616791080717
5094,0,0.47694780636698303
8045,0,0.2801818114561601
5195,1,0.5146860680122894
2466,1,0.5107595521092549
444,1,0.3768775304765075
8801,1,0.3748072690019799
7161,1,0.565443918821574
5585,1,0.5376001413517855
2755,0,0.45734499450818317
4073,1,0.6456399969300464
378,0,0.4522387870069352
3007,1,0.43012782220153556
9745,0,0.5410498794897931
894,0,0.4261385260261494
2926,0,0.5876952364039372
7785,0,0.592934944145565
3295,0,0.44036360046977835
4600,1,0.5926491773025062
9405,1,0.4040253536757852
9391,0,0.4343610056259639
8762,0,0.2856980153161123
1740,0,0.42385616596614695
1869,0,0.429518431431801
9383,1,0.56389334005886
4760,1,0.3717243842621495
9946,0,0.4856708530851465
8230,1,0.5681277471322117
3341,0,0.45654143569742434
3472,1,0.6211112396310727
3748,1,0.48273996894776416
5761,0,0.5141566554247434
1379,1,0.400979710908207
47,0,0.49063350996909677
6444,0,0.38323458248008224
4045,0,0.24293635537703107
6711,0,0.485170983412177
5446,1,0.5852157498978314
5236,0,0.5112988248678698
569,1,0.47675298242953185
4817,0,0.512287243227816
8568,1,0.5351237250674032
2147,0,0.44241678807908086
4549,1,0.5899150112431062
7119,1,0.3980564784211613
609,0,0.6344958723708904
8980,1,0.6145341465477956
7527,0,0.6675045973638214
5465,1,0.6634128296439361
1415,0,0.4402225134975887
6524,1,0.5380365125535297
6545,0,0.42701866774304403
2262,0,0.509552245407199
1330,1,0.6042757784178004
5676,0,0.28344292044866165
4646,1,0.5133897231686932
8952,1,0.6171582359110409
6564,1,0.4395759034779629
6782,0,0.4587226121518426
8667,0,0.43007703096713695
1115,0,0.4041523576925577
1755,0,0.23777857179489648
5683,0,0.43033269032464344
8815,0,0.5112836009810031
4562,0,0.433127390202865
6856,1,0.5159402288882041
3303,1,0.4755638203970232
2675,0,0.5625564346347801
6121,1,0.48475937911830175
2849,1,0.4780555539855291
2546,1,0.4587164044970015
1433,1,0.37376311267233553
3096,1,0.5404949602137759
8595,0,0.18168403838230454
6133,0,0.5387951480867333
1634,0,0.7120336254562443
2,0,0.5142844298353436
3093,0,0.40157133030629377
5541,0,0.48612429143904695
2663,1,0.4864952114805832
5995,0,0.5432485361198476
3501,0,0.30223589480212576
3511,1,0.5627862430241096
5641,0,0.5133814910714338
3624,1,0.667754610720577
1276,0,0.40172245696839454
7865,1,0.46054630541000385
4290,1,0.5124933308081081
8657,1,0.5677097010946253
8317,1,0.5091012836592104
6827,0,0.4814239030612374
3225,0,0.40740481482646224
5812,1,0.512047161001235
691,0,0.3998597351352602
1972,0,0.5343612775726645
6283,0,0.5069779290419457
2984,1,0.5141172864982402
2525,1,0.5920852383639378
4602,0,0.35096335312584026
5785,1,0.5910470310824919
6573,1,0.37384178577653404
3315,0,0.3013858290780714
5212,0,0.5667075008903596
3325,0,0.4312362365770983
4197,0,0.5140777173500801
3475,0,0.5113985967762492
8778,0,0.5629008776672906
4013,0,0.43113448820660233
7919,1,0.4899317758813035
2166,0,0.39375837417170334
1914,1,0.5147705364240776
729,1,0.6706781768243864
313,1,0.5370637221164996
6093,1,0.5891920413136271
5742,0,0.37731247601895385
5001,0,0.6400326373218578
3068,1,0.4600309086307158
5648,0,0.5409879017566182
9769,1,0.4341822483373694
9880,1,0.45168868285722574
5521,1,0.5936670773380643
4633,0,0.4002307919547043
2774,1,0.48766433297442546
3619,1,0.540502691255629
5107,0,0.3412031096375323
6208,0,0.5872108361264414
2665,0,0.38751719790085165
9252,0,0.5369657530351191
8926,0,0.45337925301985754
5693,0,0.4615629776511059
6358,1,0.5154926389795668
2534,1,0.42910737706014845
1076,1,0.5106954371712792
4375,0,0.4245284378220071
8107,0,0.5130922361000015
2414,1,0.2958743706264664
5528,0,0.45891863083339507
7856,0,0.5886385545196257
1909,1,0.5915952736128524
8983,0,0.4299087643823536
4998,1,0.46137982445970543
8066,1,0.691095965543587
1305,0,0.1804500926214449
1967,0,0.4375130387986459
3265,0,0.4841225466918186
8250,0,0.5323637731287626
1940,1,0.5632425985457696
5868,0,0.5646211928423008
6948,0,0.23297515115129258
5897,0,0.5645048432749448
3261,0,0.5916306647240418
5876,0,0.2869844772116076
5261,0,0.4882126432903787
960,0,0.4568898037616282
3628,1,0.5640614570588637
8098,0,0.3470165308395194
4748,0,0.558653590632757
2519,0,0.6183748397893666
5048,1,0.6402261748297678
3098,1,0.544075756557162
3468,1,0.5055471012347572
8323,0,0.35640376456732603
4683,0,0.34897974782142355
6795,0,0.4584816497726998
4771,0,0.5964938857419946
2105,0,0.36886825570304105
8202,1,0.45648403628870227
8213,0,0.4330742469975162
963,0,0.5668057674234676
2923,0,0.5597282050913118
9607,1,0.48726173826641866
1490,0,0.6649696010832777
542,0,0.39125712137569335
5196,1,0.5103957847355676
2735,0,0.3495336834996269
9334,1,0.4073430205330231
7991,0,0.4867663116860629
5147,0,0.5171193924825533
2560,1,0.5111211969265812
6290,0,0.4821436267841035
7396,1,0.58784403204842
65,1,0.5172400989403256
7409,1,0.6406623293670498
6330,0,0.48513140287225914
5603,0,0.398280077788549
1377,1,0.6405008457938561
642,0,0.5383232306944188
824,1,0.5111668688554853
8053,0,0.5368337262845587
5890,0,0.3293542241382097
9256,0,0.35519461201475566
4604,0,0.4069322180642163
6261,0,0.5947413063417673
8421,1,0.6158165783944596
4079,0,0.4028104110873287
6719,1,0.5684094047758297
8457,1,0.48717511314182693
9792,0,0.5664288528498517
8172,0,0.29915105707654616
1635,0,0.4357522012271029
615,0,0.5376071017203972
374,1,0.5681261786099627
5906,1,0.5384303882872843
8796,0,0.4900176526222158
1569,0,0.646102379480138
46,0,0.3267798583390109
1792,0,0.5087805556756286
3861,1,0.5119729451795125
9269,0,0.4868841985979025
5874,1,0.4556088184434455
2686,0,0.3567012675777319
5601,0,0.6160751692720903
7367,0,0.5394041355970266
4709,0,0.5383415125545277
7947,0,0.40777895410847353
367,0,0.39972637846923537
1509,0,0.37613490817524636
1827,0,0.3042621118909071
5991,0,0.4849933834710549
837,0,0.5074944622368126
5235,0,0.4523258305247389
2989,0,0.4918415034391856
9003,0,0.5625224867424476
2162,0,0.40101416415609586
4243,0,0.44773357753245646
128,1,0.5105767712356621
8115,0,0.5870186914592047
5309,0,0.4590926310479303
6155,0,0.49004888356931386
165,1,0.35103236763443824
5277,0,0.5606451619217123
5864,0,0.4886065846037104
4135,1,0.4318714528746137
9276,1,0.6446473230595158
8200,1,0.6161602153222022
9248,0,0.5115966519910692
5461,0,0.5402800492384758
4820,0,0.4607961246322486
7530,0,0.6439736780310026
1277,1,0.5100599393762683
4417,0,0.6172000062970376
4044,1,0.505903653521007
6678,1,0.5157836368182579
368,0,0.43547634483216496
9385,1,0.5432174231245298
7542,0,0.5122088795805545
1254,0,0.5698315290570329
1244,1,0.6429212481938641
1339,1,0.539409569658437
2781,0,0.4563935789509428
2795,0,0.6142751293518819
3193,1,0.45634441959013583
8930,0,0.45505966408996446
3871,0,0.48015378610393045
2259,1,0.6235508351132908
954,1,0.5113524993328998
3351,1,0.4524402348437826
412,0,0.6422017427323173
2018,1,0.5439660757879236
4014,1,0.4550152120017086
7067,0,0.39948357211930746
59,0,0.5931719806397973
8959,1,0.44744347526204004
9525,1,0.48222519641869777
7056,1,0.5686288719512251
3372,0,0.3476457916564576
8092,0,0.5425900680987931
889,0,0.5632389459083766
1615,1,0.4005252908757194
2127,0,0.48998208194869347
4826,1,0.35351879809690157
8885,0,0.6384035439942009
9726,0,0.5178376092493298
9112,0,0.48335458805486775
4439,0,0.4494625887919849
9222,1,0.38240514955164123
7028,0,0.5966463956663576
5217,1,0.3837638725619693
8261,0,0.5832451553083706
2497,0,0.547654614980581
5251,1,0.6661624864941841
3359,0,0.48325445278132323
7080,0,0.4490938398455217
2817,1,0.5100230067873169
7575,1,0.372692671207148
1601,0,0.5387727524716773
2403,0,0.48531994419120267
2370,0,0.48823150349574823
2311,0,0.6654403055745833
5770,1,0.4831118510507087
7452,1,0.5156478236105697
3436,1,0.5129199538631992
5958,0,0.5794814372677833
1264,1,0.5149274635252827
9969,0,0.5136204951816661
7817,1,0.6042464059963393
915,0,0.6657947175106816
3597,0,0.48634303024353226
7872,0,0.48110274180842255
3348,1,0.35621062712259816
9053,0,0.5607178135732128
8973,1,0.6137501209657572
9447,0,0.619135165023865
8562,1,0.6444885320602657
3776,1,0.6875076236195955
4200,0,0.4297163214643544
6563,1,0.4532863893926238
3267,0,0.42304860177578835
9436,0,0.5341157139554182
2789,0,0.5793100529135826
8301,0,0.5374077188040047
6874,1,0.4845261327655856
1031,1,0.24533196816345287
3,0,0.5125343556610339
6673,0,0.5116214595266272
2684,0,0.5389215916333235
2645,1,0.5855765780969625
5567,0,0.4607235472636205
8996,1,0.4028013737792596
4385,0,0.48040379125024324
3934,1,0.6159528186545017
4522,0,0.42676054350404746
1016,1,0.5361466140910917
3985,1,0.4599173390584829
6526,0,0.4034217756547937
8936,0,0.35866898283932563
177,1,0.6148268632482287
5800,0,0.42800298942488113
4912,0,0.6196179245246916
7850,1,0.46427324122088104
4432,0,0.4658238301856173
9553,0,0.6209869530745624
1885,0,0.5881449644304179
3148,0,0.4775980218879841
5765,0,0.5167922687897933
659,0,0.5333540877617055
6712,0,0.45237867287712363
9791,1,0.5130520235254561
8798,0,0.5338642354316715
8771,0,0.45561087908110093
4525,1,0.5926445612172214
9166,1,0.4868481125430589
4722,0,0.32697198505945585
9372,1,0.43850848474479515
4214,1,0.637476969990692
6571,1,0.48192730140224627
4643,0,0.4114324450384695
5703,0,0.5920428968885354
341,0,0.49021336023545575
5095,0,0.4366209874693997
5247,1,0.6111137016172342
3772,1,0.43398157566441686
1902,0,0.48979674983098076
8381,0,0.4617556501987374
8194,1,0.40389862250888425
1092,1,0.6238408728335527
9448,0,0.4312652050372857
6683,1,0.40988105307398714
8879,0,0.4355455861255756
9186,0,0.4581318014748577
9036,1,0.5082644098062311
9851,0,0.4832317291273602
1439,0,0.4758549652671426
9163,1,0.5108807609783879
1876,0,0.4303578662684118
1737,0,0.35933140159145244
1592,1,0.3977541087803971
4319,0,0.43234505745762974
8080,1,0.5434185389204386
5517,1,0.5874192425286647
5863,0,0.40005888957561103
9016,0,0.5600442334542479
7190,0,0.43209397581666664
3264,0,0.4236868398727766
3282,1,0.6160721591261673
3854,0,0.4815254132052687
5959,1,0.46060018199045566
4154,0,0.5127673745335606
629,0,0.4053287803269187
6527,0,0.4611484733139704
9545,1,0.5941737761452369
3423,1,0.5684654826647517
2285,1,0.5419215475900738
7449,0,0.5365853822337197
3289,0,0.5933592389335767
7712,1,0.40366306205925867
1785,1,0.48065399222687366
9208,1,0.379815554255873
2689,1,0.5405378914705085
3377,0,0.4587621633936804
1731,0,0.6167803609181777
2780,0,0.3913246664097516
5138,0,0.481316457208669
6350,0,0.5632199796918924
3319,0,0.4549404363688751
4681,1,0.5927545333619398
916,1,0.5098581797464289
1127,0,0.5642956271960755
5787,1,0.5689198857985117
1440,1,0.6665498523567178
8668,0,0.6186470909690743
737,1,0.6917273233877408
5595,1,0.5356955848949122
711,0,0.43025106422384973
2566,0,0.5312081638445182
6790,1,0.46303060415220587
6784,0,0.5964739669442604
5316,0,0.5421800550767429
5532,1,0.5689001680154993
7983,1,0.48543944311552445
9098,0,0.5908655063113571
2322,1,0.4049453979332006
4569,1,0.5102564809301048
1482,0,0.4802512692116192
6986,0,0.4594500777943144
3798,0,0.6203659870281355
7020,1,0.6696865852287521
7208,1,0.35710212812139863
1121,1,0.5344885913236784
2882,1,0.5465876135398436
1941,1,0.42767103445513366
7988,1,0.5615769415517727
8658,0,0.4798976281021284
6095,1,0.5355079470831056
4882,0,0.37702986080809175
1145,0,0.4246412200987577
3271,1,0.4907301465612731
1144,0,0.47792979077189934
9027,1,0.5440631932628686
7337,0,0.5042630443442956
8533,0,0.5669773742030321
8688,1,0.48951018121910717
2286,1,0.5637254076067337
5498,0,0.5342474067434727
7304,0,0.5377167667731331
2258,0,0.4857367622178789
3892,1,0.674611271060518
5921,0,0.5382973598630578
7583,0,0.5344983343542022
2361,0,0.5708994977201913
5911,1,0.4025729104403472
1478,0,0.4562688811546048
2959,1,0.4082313924364327
124,0,0.27903943422456606
8846,1,0.6433531697601991
5398,1,0.5403462362299477
7863,1,0.45018975322376537
6540,1,0.2830611053416345
8493,0,0.5653026688386368
8012,0,0.4806791060799287
8431,0,0.5414463325702318
1543,1,0.5891120208968061
1218,0,0.3228726710695329
4185,0,0.5633697814078401
7062,1,0.4012453816369285
6559,0,0.5855894781731723
9659,1,0.6192718448250378
9955,0,0.40736863337416807
4536,0,0.5059733245903634
8694,0,0.5377326306877847
1350,1,0.6647779394723669
2578,1,0.5108072062332197
3874,1,0.6384392950305715
9870,1,0.5934500487848956
9145,0,0.45860556379928996
2347,0,0.3527369832522998
3484,1,0.3367727311850436
3846,0,0.45181909018767974
436,1,0.5111382113533907
9359,0,0.3738083392506493
725,0,0.5414092210587119
2513,1,0.534310455738324
5681,0,0.5104479969630598
470,0,0.4763366716975762
9623,1,0.5419075704015973
3352,0,0.38084055395887456
9568,1,0.5681521744937195
351,0,0.4818674460280096
7525,0,0.3808082614116885
8073,0,0.2578064667234547
8802,1,0.5879072538081431
215,1,0.45517395332643396
7882,0,0.45951573716983724
5437,1,0.5637778463358492
6567,0,0.5897585239923581
5335,1,0.5972554153387656
744,1,0.6087711063667649
1109,1,0.6427376396120786
8984,1,0.4079070477068608
6850,0,0.4832822655798866
7550,1,0.45047971235679884
6737,1,0.45214226087235976
9905,0,0.5095816381960706
7305,1,0.37062756612953734
6061,0,0.42224644528009286
4559,1,0.6400412707419159
5537,0,0.43067180694781143
8407,1,0.39679036326117323
3910,1,0.615619825768948
9247,1,0.5356719179484887
5237,0,0.5111444543456592
4960,0,0.6447514638349902
8086,1,0.5125257372510288
2145,0,0.4609791513851502
5025,0,0.5680430023633328
1103,0,0.5954199252511837
6115,0,0.5101454771923831
6160,0,0.6352061146853472
9361,1,0.6188299509485831
4294,0,0.40272569000770975
7745,1,0.43234344174633016
9645,0,0.5055897192575113
2653,0,0.45319687598735475
8860,1,0.6894981408598331
6069,1,0.482351647567406
3233,0,0.6133486210145683
3588,0,0.5378016315227744
1400,1,0.4887427193089102
9649,0,0.45088068566370193
3023,1,0.6156800278744082
8523,0,0.48196880633118055
6002,1,0.6422838637757778
5385,1,0.48415681488804824
2352,0,0.6130230042627846
1196,0,0.5645893888703578
7521,0,0.5122739297836318
307,1,0.5434618336943643
6772,1,0.39989507904447874
4304,0,0.5743267274167998
8744,1,0.5136806551146392
7,1,0.42722193173776946
4377,0,0.714206815289144
9981,0,0.4508903163024745
6,0,0.45084836837329406
5519,1,0.5453385131006564
696,0,0.4000186441043387
5424,0,0.43247424084133684
8632,0,0.6184964897704451
1417,0,0.45128889533393024
664,0,0.6053979423951963
4658,0,0.6443902409532082
2996,0,0.5357829834885549
6529,0,0.46611531109476323
9815,1,0.5917352805276338
8687,0,0.3955845062504353
7675,0,0.5392749402226046
8870,0,0.3329059287478176
4284,1,0.4298973297363896
7982,1,0.5947534240870002
7265,0,0.5910726160350445
951,0,0.46042404987790103
3970,0,0.22486355470120223
8649,0,0.3761631243725715
3698,0,0.3588324536808399
1457,1,0.5350535372920129
8429,0,0.48432261491314504
865,0,0.3827026867250764
1178,0,0.5443866171512762
9765,1,0.5090866918201382
8871,1,0.5146256665887884
5065,0,0.5443483833314865
8133,0,0.45851552552617036
4881,0,0.5426477712466082
2562,0,0.4584632925676106
1067,0,0.5371849692376223
5518,1,0.5901796664933184
4921,1,0.5304367104343789
4445,0,0.4105538103931339
7448,0,0.511473381573389
9157,0,0.563438439441285
2373,1,0.5074954828901654
68,0,0.505919679603674
8526,1,0.4824109240931533
3986,1,0.40283921312314314
3803,0,0.4560445478255922
1524,0,0.48297244036950926
8031,1,0.45814769798764615
3127,0,0.6177771315311543
9006,1,0.3803860376308495
8176,0,0.42828781020248047
5672,1,0.5885636650854454
3223,0,0.4829257170958807
4950,0,0.5212913874714264
925,0,0.2916417871795255
7957,0,0.6653437698874364
2803,0,0.5133961544012994
7378,1,0.42210482599729093
8844,1,0.5024770703612786
7869,1,0.42824185810591797
1395,0,0.5093418590803532
6629,1,0.5904105495221001
9554,1,0.5137121857957972
3483,0,0.4484128609613663
3686,0,0.245017809410619
7809,1,0.3739531817599853
8170,0,0.40146693940429845
582,0,0.2594687391000391
1896,0,0.5317486861317854
5629,0,0.5630242899476616
9507,0,0.3313819788925637
7136,0,0.5335683769470112
8947,0,0.5352665318190277
5113,1,0.4052151117185206
5101,1,0.6699728142657438
7204,1,0.3972337460240446
1505,0,0.407672335204459
9487,0,0.44976428429847803
7276,1,0.6668441679919453
4989,1,0.6183328304847118
9887,0,0.47968656611701577
9922,0,0.5315470248323294
1107,0,0.5589793866710239
1274,1,0.5657912877529893
2038,0,0.5867540475522388
3707,0,0.5419483952383624
784,1,0.27085905773014013
6092,0,0.4322699619921909
1541,1,0.38698065289208183
3516,0,0.3741714428946179
2017,1,0.5928060053224968
8360,0,0.5111205486672651
8034,0,0.4522321148515629
9614,1,0.5113046257359357
2575,1,0.4588131542499349
1701,0,0.5663551492358962
4970,1,0.5145744354847491
1345,1,0.3607288708346783
1359,0,0.5411456635519546
7005,0,0.5565850184930814
262,0,0.5321246296331686
7440,0,0.5346210183996457
8083,1,0.5641371832556451
8068,0,0.5070721983404092
4163,0,0.6449531738681741
1349,1,0.5444638698166009
4109,0,0.4735161483191066
7010,1,0.43152753223231616
9867,0,0.4170303120769364
4719,1,0.5098786421350263
8928,0,0.5918459524868
5745,1,0.5381483976446129
6011,1,0.6379133760660689
9662,1,0.5157709877693517
8592,1,0.5390534230218346
155,0,0.4049521320035018
498,0,0.5578137053903062
2303,1,0.48724932216576095
647,0,0.5108271182016295
2570,0,0.4831972863534032
435,1,0.453316126624034
7328,1,0.5902781212355236
7842,0,0.4574530191630426
9734,1,0.5273505214734998
6472,1,0.49246939000298723
3364,0,0.5407066126176034
6578,0,0.25614498675292424
9384,0,0.5643502111546455
5484,0,0.3243961301110565
2623,0,0.5160112308892537
5716,0,0.513637188870511
3823,0,0.5036732275515542
6286,1,0.510896763014577
4759,0,0.6705013513187478
8399,0,0.6906465629080951
6925,0,0.4232567654081933
1014,0,0.6036871871797834
8859,1,0.5741260630709276
2434,0,0.6193727486761398
2671,0,0.4509740053856149
6167,0,0.5443525679252645
9095,0,0.4850092688078823
4626,0,0.7188019956381296
9298,0,0.5003247977259718
1047,0,0.33613939438198553
224,0,0.6884148654980599
7504,0,0.5305650305313648
3965,1,0.5351428554037195
94,0,0.5328727580359569
6554,0,0.2971826889419761
3676,1,0.47814313255856156
6589,0,0.5425485201046771
3387,0,0.5087792214214714
1491,1,0.5343299049347853
9307,0,0.37656188263406976
1045,0,0.5913938408673655
3816,0,0.59218416424589
3397,0,0.3606147579191961
7323,0,0.45961884638343603
6906,0,0.5430960831828668
5421,0,0.6444679173329934
5047,0,0.42394882470346945
5426,1,0.568106471910461
2062,0,0.5372919150349805
1445,0,0.4946546768960613
5169,1,0.5489795858238923
3028,1,0.6404654081290484
9467,1,0.49078529142483085
8451,0,0.4876282359581979
4625,0,0.5158937215344462
5362,0,0.5677159950890309
7825,0,0.45722521862976906
8480,0,0.19139454575657522
1485,1,0.5088465984319949
5015,0,0.45368738415542204
8111,0,0.4240281970378209
8739,0,0.40178757731745174
7098,1,0.5372922875429331
614,0,0.4275879249138107
5036,0,0.3047082745779642
2141,0,0.5395883190386683
9009,0,0.3991321531721238
3461,0,0.35922068850687744
3718,1,0.563008646050352
5842,0,0.4897838403772526
1669,1,0.5151960580119791
2423,0,0.613290478082986
6627,0,0.6172832275618392
4023,0,0.4844111898726198
3490,0,0.45831367182881655
7416,1,0.6391797052824695
957,0,0.3718538101944434
1533,0,0.5677742963012419
2374,1,0.6002746719729097
6055,0,0.5118587704381241
8571,1,0.4564336457178332
8082,0,0.48433312523514516
534,0,0.40578500817687596
9470,0,0.5100639799083225
9438,0,0.6420772457713385
7431,0,0.47828655976453316
7225,0,0.5725443314072077
2191,0,0.4546235929304782
1868,1,0.4285660352569944
9245,0,0.5255611892770745
2582,1,0.5346641072803207
5023,0,0.6408290306336301
282,1,0.5076247369747332
6972,1,0.5680379927278071
9014,1,0.43036824454461614
5872,1,0.621324865346087
1199,1,0.3548970521451858
7547,0,0.5380658199237829
6347,0,0.5926028702602147
6345,0,0.45519931282254783
4260,0,0.6168497586974161
4466,0,0.34975155439640704
5210,0,0.356913981337949
6547,1,0.573819542639444
8918,0,0.4813478969248088
2039,0,0.5120950538360524
7634,0,0.25685734304309443
3055,0,0.5884746890325198
471,0,0.5692637169148504
7860,0,0.5135861813916579
531,0,0.590902874007192
9600,1,0.4060152050255783
2200,0,0.537711324587448
4155,0,0.5408609403305539
830,0,0.5137960408468275
9392,1,0.616417680211317
5609,0,0.3581252660299399
4694,0,0.4042838806887229
8591,0,0.3128992069568494
5119,1,0.42898468355866554
5144,0,0.2996869311009132
8642,1,0.5126810755895594
8714,0,0.6151024329648224
6604,1,0.5394120524436558
7249,0,0.5477929555779633
4198,1,0.5414208888299893
6645,1,0.5921588311258061
8994,0,0.5359709749099819
7456,0,0.5896650893170197
1272,1,0.5963565276254486
5698,0,0.32381547477808353
5422,1,0.4274155665695765
8577,1,0.48135814787300024
8269,1,0.5164161812383586
1064,0,0.5942816352637704
202,0,0.3228174014087947
1600,0,0.2908130624575517
3370,0,0.38009611544636074
6541,0,0.543203889418533
8662,1,0.3822880376235892
5912,1,0.5115378985767743
7855,0,0.45634303047758845
7723,0,0.3602578617795793
4465,0,0.508228991703129
891,1,0.6191434096590469
4698,1,0.459237008725238
3605,0,0.5721245377010692
8143,1,0.45559519800832143
2548,1,0.4285755063558248
2031,0,0.6654859953680621
9451,0,0.373896032889829
1904,1,0.47859721465022287
3066,0,0.5356090589424187
1313,0,0.40219318040551794
2253,1,0.640908874972336
5225,0,0.5344604818118746
71,0,0.4101323319936283
6709,1,0.643616455430517
6224,0,0.40135017249238786
2472,1,0.5876078250189706
6199,0,0.4560376201622523
6933,1,0.5651322115457884
2592,1,0.5362243151356593
9850,0,0.5102521289929715
6108,0,0.3141774019757192
2122,0,0.5456212139777445
1229,1,0.5695108771206662
107,0,0.4807834609609262
6006,1,0.4818963781391357
3027,1,0.5686357953361569
825,0,0.45396171138909364
5782,1,0.5340730877196758
2627,1,0.5366043140712716
2707,0,0.6669612252740279
294,1,0.5624725188976868
1866,0,0.3965261576860241
9010,0,0.5390416295167705
4355,0,0.2389784618829003
4118,1,0.5085231114516131
5229,0,0.37114393516669075
3030,0,0.4501295064439226
2132,0,0.5808326395946561
8275,0,0.3509826041500297
5300,0,0.3092197666192748
3115,0,0.5015276566957503
936,0,0.37347142945161327
6590,0,0.5411412886437119
6951,1,0.5364132576645593
3009,0,0.3613965580570759
4182,1,0.47763425380206237
4892,0,0.39709556016864406
7671,0,0.5930481622290693
8510,0,0.4237521829561608
3453,0,0.4047191277332814
1455,1,0.6174929200581384
6187,1,0.5994234796689489
3989,0,0.428088507886568
5370,0,0.46027370353311986
6048,0,0.5912507143496583
757,1,0.5065435457970976
4713,0,0.4784365475644947
8670,0,0.5939189790236066
1409,1,0.615980153576051
2879,0,0.5641530661755987
895,0,0.25688750085004475
9740,1,0.5170582222523713
6794,0,0.5433103032104267
8000,1,0.38290126917779777
9616,0,0.516547393287022
9552,0,0.507223718918856
9989,1,0.43275478627445507
5439,0,0.376079410527799
3767,1,0.4768626272606353
3851,0,0.3688310470922897
7651,0,0.4158493212275091
2716,0,0.4083415208795024
4470,1,0.5639231963676126
9613,0,0.482655321340948
1141,0,0.5159765031498272
5396,0,0.5606868776187469
1594,0,0.45840558585633895
3192,0,0.5602585496972492
6705,1,0.4057231500830661
3604,0,0.5642052875621024
924,1,0.6420932860561673
630,0,0.37445542451631497
1137,1,0.4798285335115161
7145,0,0.4854456577666056
233,1,0.6432688608253361
5179,0,0.5384338367070343
10000,1,0.3705379472627776
2155,0,0.512974098219249
4737,1,0.40855738883450404
1292,0,0.4316030175769903
8167,1,0.5929909492945072
8062,0,0.5587970032925006
1905,0,0.6461674195249217
1352,0,0.37872822343195384
1451,1,0.5393555905249848
7287,1,0.5981269821379456
2621,1,0.6909294718839487
9275,1,0.514637210564687
5292,0,0.4090769281353212
3033,0,0.37276304225850965
4782,0,0.5104526417491054
450,0,0.3818782523762432
2598,0,0.6183940659423227
3908,0,0.486269845291865
9529,0,0.4540185456191164
7144,1,0.5879435001885679
8935,0,0.5608191050618759
9570,0,0.5641124622950509
2930,0,0.43291712697681634
4249,0,0.7123114671319438
422,0,0.42784497225245305
1507,1,0.6679545521348088
2563,0,0.4574525230031788
7808,0,0.3231599017853972
3519,1,0.6398792450620356
2231,1,0.5575453888131463
5037,1,0.48944244795392555
9319,1,0.433943394592589
4110,0,0.48851499654925884
8235,1,0.41212044619877863
3117,1,0.6163448450129805
1931,0,0.5398430532557638
2747,0,0.4549830479279028
6835,0,0.4568645728164793
979,0,0.4531621591646316
8637,0,0.40716397519287933
4469,0,0.46399459627616135
8716,1,0.6115916419357783
7445,0,0.5891249656093998
5836,1,0.5922023115982895
2082,0,0.6447975040429416
8497,1,0.6428386888764039
1734,0,0.5396143788145471
3524,0,0.4962648068813031
4176,1,0.5359462140242484
8851,0,0.5372412277741409
8701,0,0.4345228857843697
8944,1,0.48047560506283127
8715,1,0.4873791931705261
6896,1,0.48524264837475434
7500,0,0.4516073738474613
8641,1,0.5903012790071157
8304,0,0.4291125793145593
6076,1,0.6171756087073339
3735,1,0.5600344432766791
9410,0,0.42824755429588074
1913,1,0.5342904501120952
5005,1,0.53210509294878
6030,0,0.37908585214941204
6591,1,0.5360691523987782
1298,1,0.641385945586596
2483,1,0.6391103657189304
8078,0,0.5880178014300742
4678,1,0.4861735787187055
4967,0,0.3549514216618865
6386,1,0.5125790368082236
9468,0,0.45797083041600883
1646,1,0.511504742481042
2516,0,0.3948872865276889
4350,1,0.5775471867387708
7263,0,0.45683968979312284
3876,0,0.40734744476404244
4078,0,0.398520719465272
2916,0,0.6152381092258438
634,0,0.42997105639301914
8391,0,0.5098538608456986
3391,1,0.4764464728697366
4156,0,0.415673571432574
1024,0,0.510315379271236
1815,1,0.5931486194862498
4746,0,0.28932727608328296
7866,1,0.2995344256678484
3003,1,0.4255765823036492
2142,1,0.6399903224112949
7897,1,0.5070829138982279
7588,1,0.5171844294362014
1416,0,0.5681144301768831
2946,0,0.48854704038503016
1371,0,0.40524527455708886
3228,1,0.5280198320318391
3545,0,0.6662653114786397
1421,1,0.5529175700156026
8030,1,0.6167359109999072
5791,0,0.4297624811565065
6607,0,0.4808545467620155
983,0,0.4640013204960952
760,0,0.3039833650221057
29,0,0.5095228650012045
5170,0,0.5415047226652747
9964,0,0.4041824120402654
3454,0,0.5684848060447455
6428,0,0.5163395313860862
3835,1,0.6171555985485451
6845,0,0.5932330269934774
7157,0,0.5858995829344346
3285,1,0.6135784302050941
1593,1,0.42188215581698424
9967,0,0.488020104856386
8659,0,0.5075007613537617
6833,0,0.5621148306214744
9356,0,0.3949413474814346
6455,0,0.641133220232454
1088,1,0.48152020146214514
2378,0,0.4269044186307157
3561,0,0.5389478960282855
8242,1,0.53527150133362
2670,1,0.5826719410568878
1656,1,0.6146472686425446
5397,0,0.592283389443194
3855,1,0.6189450808446914
1660,0,0.6342158724672954
1308,1,0.6898602444941784
394,1,0.45764887292787004
4905,1,0.537538879899381
6928,0,0.420230995420939
9655,1,0.4576233817806594
7495,1,0.5688201128015531
4475,0,0.5877511600288323
4215,1,0.37646350740700124
7492,1,0.5154607059637056
5694,1,0.6173712011388266
745,0,0.42407638253009655
5475,1,0.5873760561132149
7091,0,0.43883506247572024
2078,0,0.3981416598679893
1763,0,0.4613520321348909
5177,0,0.487930812074363
7961,0,0.5621386409874306
4858,0,0.54354178853348
5855,0,0.43498292562702495
1431,1,0.4782619977135295
1338,1,0.4832738754473355
5954,1,0.5883521237105591
3165,0,0.4372987052748544
6226,0,0.6445275019999905
5176,1,0.48267289382693435
2544,0,0.5326554791848653
4392,1,0.3970015790632859
5879,0,0.4516555025556861
8814,0,0.5882744579955171
2395,1,0.45415377575031174
7834,0,0.3220431116096991
5769,0,0.4005993136410151
1881,1,0.591834935103104
1437,0,0.44052917153497784
9821,1,0.5424128255831253
1891,1,0.5930432997421308
8708,0,0.31898312857831235
7956,1,0.4863180935336695
7662,1,0.4014313339211322
801,0,0.42920082659921815
334,0,0.48485150364357155
1939,1,0.5076242246739531
4021,1,0.42908548822744746
4474,0,0.4892312989142778
7600,0,0.6192019616879367
1483,1,0.5099348249988747
2426,0,0.5418298671666267
2075,0,0.6126783242274836
173,1,0.5923413255772506
9462,0,0.4558383755975644
7565,0,0.40042437026487443
3832,1,0.5914974436087066
2041,0,0.536992178930947
8156,1,0.6139146769519672
400,0,0.47669189749166485
5100,0,0.4812592191031033
4586,0,0.5132997077894044
2831,0,0.5148802555840477
1008,0,0.4256645639454399
5561,0,0.5697230739494008
923,1,0.6891870410312471
2748,0,0.5176027430006583
2320,1,0.4888500564912127
2779,0,0.5103761902081044
6988,0,0.5105552345010713
9945,0,0.4747447013185838
7734,0,0.6666911212749794
4295,1,0.5087959840668503
5649,0,0.5919740943532763
9150,1,0.462846691458808
3120,0,0.597822954507144
5982,0,0.4005203425297778
9688,0,0.45540184537671535
9002,0,0.40930201460261034
5130,1,0.40459277472867755
1471,0,0.4725375857691244
3394,1,0.5399971376156402
8896,0,0.5144540248407904
3651,0,0.5891469421106631
311,0,0.3958608482277734
6728,0,0.4299755955138003
5110,1,0.5647975728741259
9957,0,0.28238928045157125
4814,1,0.48233747661918913
1382,0,0.43438223589522934
9832,1,0.665214571695227
3379,1,0.5367074685765039
6582,1,0.4565992209904522
5917,1,0.5630182363027881
7537,0,0.6384689210824248
2565,0,0.5104885811426265
3699,0,0.5369930071445927
9483,0,0.41976278731256034
9643,0,0.573695096749719
9517,0,0.38362022393313006
8740,0,0.43799682574805127
9855,0,0.4619511801921169
4252,0,0.5386487381291419
2036,0,0.417060176608677
9434,1,0.3806936030093196
4309,0,0.5115194142519255
206,0,0.4874778841478321
5500,1,0.6172822813089429
7667,0,0.39954544020576044
4134,0,0.36837604163463955
3449,0,0.37355767194233375
9159,0,0.5910867651624372
1135,0,0.3751158972373963
1986,0,0.3441786700454143
2935,1,0.5111058665249733
5154,0,0.621542531659778
8539,0,0.5787350560719207
6900,1,0.3796450697529123
1468,0,0.39163285271077874
4181,0,0.33122587378634183
5624,0,0.5935670595797036
2072,0,0.3479797897160359
5759,0,0.5361509084229311
2133,0,0.45691384567874094
4861,0,0.5099320226273792
9879,0,0.41652042689891494
3974,0,0.3485240206751613
2646,0,0.45696070045481874
4271,1,0.5623636961842088
8712,0,0.3968865362041301
3486,1,0.4283759669972287
8405,0,0.43072381851971875
7045,0,0.5075500524027428
8625,0,0.4568538909145655
8536,1,0.5933200519012274
9909,1,0.45728411011046477
2046,0,0.36158953517257647
3052,1,0.40273563014868735
2712,1,0.5431238574306042
6500,1,0.5946569635067137
1795,1,0.616675227760287
4006,0,0.5373412471050415
5760,0,0.645260993178183
1679,1,0.5876116545801131
4902,0,0.4587146602783231
7733,1,0.5381235669390193
1025,1,0.3690883719890156
1766,0,0.35173981676959554
1806,1,0.40591837638200057
4403,0,0.5944129402251683
291,1,0.5388672736862619
990,1,0.5385304847827698
638,1,0.4508203245120842
8733,0,0.6416548506017639
7201,0,0.40601882779524306
8727,0,0.4852500287949459
8216,1,0.48378932899383126
8189,0,0.3703682978082255
309,1,0.3914627149033075
5084,1,0.5628483509124322
6692,1,0.5896233971817862
8256,0,0.3083587268964091
4497,1,0.592521370985601
7980,1,0.4829822664790389
6968,0,0.42447061182377793
5324,0,0.5925952445790933
3812,0,0.5955832642218328
3346,0,0.4605510721467314
3467,0,0.48265144377844443
237,1,0.6894981408598331
4061,0,0.5322068991985132
3761,1,0.39960038622832666
4946,1,0.6744999332968247
8109,0,0.48304669887897955
3897,0,0.45088940676733247
8924,1,0.4038122075533913
8336,0,0.4785953363692374
4948,0,0.372515706456358
7701,1,0.510216716852474
6497,1,0.48029290330132524
8675,1,0.4804528149745638
5082,1,0.4884311913269043
9527,1,0.5666419082054861
1561,0,0.35891812970567544
964,0,0.4835010419654854
3349,0,0.4523930216185225
1256,0,0.5382764575076868
6935,1,0.48624879198376847
5622,0,0.24050930981902177
7088,0,0.592681095946243
9924,1,0.46465789094336213
5271,1,0.6432323607710559
6630,0,0.4013077098398641
6779,1,0.6166347676122969
1213,1,0.5339866178951376
2219,1,0.39628334442434665
3160,1,0.48437773237909143
465,0,0.46563451103868897
3538,0,0.4852466056329251
988,1,0.6668089555547398
7990,0,0.48487514844370944
1852,0,0.48206144321867395
1041,1,0.40408264781707937
8446,1,0.5647490895858667
8880,1,0.5367166434615708
3406,0,0.4600411353615927
6751,1,0.5361635609921767
5520,0,0.5083179566822928
9042,0,0.5645258762604843
4744,1,0.5378966081719028
7758,0,0.45085511924057586
204,0,0.459274412096205
1394,1,0.5789718804849325
8600,1,0.534415049247658
5428,1,0.4336890116138125
4075,1,0.4828258099764155
9271,1,0.5143285587518261
7967,0,0.5187219097583444
9110,0,0.3522900578084806
6982,1,0.4257052733301274
6623,0,0.34540099447530276
8742,0,0.43052093860099944
7928,0,0.5920864673074455
8792,0,0.5608428666201709
8731,1,0.6139640600285533
8259,0,0.2564228826843423
9943,1,0.5371202215566883
8121,1,0.4854683549245863
3817,0,0.5073546479578748
1801,1,0.5887065760687247
2775,0,0.48354742661972133
9220,1,0.5896311958511403
1290,0,0.6891870410312471
6040,1,0.5859778504843497
626,0,0.5645844317372064
5675,0,0.5359987408082028
2802,1,0.6186271941583121
4992,1,0.40342474466419287
9327,1,0.5294487504028996
7446,0,0.4289955760846122
1687,1,0.5647487343855255
5662,1,0.4295145867365904
4787,0,0.5119399959857031
2498,0,0.41580467768540924
1428,0,0.5912906486963745
3522,0,0.5601940502432174
5923,0,0.45630317148911953
2261,0,0.35625260388890256
2375,0,0.5404524348865705
8207,0,0.5124670751300767
877,0,0.40510958874349856
3046,1,0.4894265150910864
7607,1,0.5960167955876496
6229,0,0.6074974907936881
6583,1,0.43765530593140384
1056,1,0.46799812124433326
2676,0,0.5350059870906233
492,0,0.4540889297385261
7414,0,0.48360291174279696
1126,1,0.5325854587326148
8298,1,0.5862807760292272
6618,1,0.541634900388213
9561,0,0.32191599057837716
9324,0,0.454296680990851
3555,0,0.5429900131332407
456,1,0.5879809211173139
636,0,0.37653952411401265
2267,0,0.5625221752931187
2667,1,0.5131770493989563
2183,0,0.4599050825121985
4421,1,0.5329391538151105
7226,0,0.6411362305979899
5026,1,0.5478916705479613
1255,0,0.5635059656344013
79,1,0.5650647833344341
2492,0,0.3870140202198087
2030,0,0.6184755989191856
8122,0,0.5064111074919392
7397,0,0.37382462002575256
939,0,0.4005697393731558
6989,1,0.5123364441829115
9588,0,0.5916919625156539
3991,0,0.5690287971878805
2745,0,0.4038796221340188
6707,0,0.4884313916685403
8049,1,0.5393331349996872
819,0,0.5366517885175693
5886,0,0.6180511891979318
2324,1,0.566555847111467
7444,1,0.59284439617186
2343,1,0.48357242471500556
1829,0,0.3593719195756342
5288,0,0.6171660518017112
2271,0,0.6212095687495225
8018,1,0.37947119411990415
7738,0,0.42529770302593933
7232,1,0.4792504017942174
8136,0,0.3761851714793815
2833,0,0.5222478048425249
2266,0,0.5694120496300156
3446,1,0.43720329093975613
1057,1,0.5750277472526939
5918,0,0.3794275951410148
4597,0,0.3641356159772885
6544,1,0.6153847398630963
2489,0,0.45547683981756437
4845,0,0.26275152027347903
2454,1,0.5072596620644614
342,0,0.40086623548491135
8612,0,0.4874636536116223
8835,0,0.2836122002844922
6112,1,0.6377553897763951
1095,1,0.6135724630869307
4330,0,0.4099988002050178
453,0,0.4262451850301741
8239,0,0.5588180957004131
7131,1,0.45433203023826185
3549,1,0.5187826694162231
3926,0,0.48841122631562484
1195,1,0.4874890320355179
8406,0,0.4344255477722297
7844,0,0.4528042182194003
3353,0,0.5142066693703266
4726,0,0.463182930115779
4195,1,0.40106813599127894
3618,0,0.427168682721352
4862,0,0.4590129615808786
9608,0,0.47650796712578974
8245,0,0.3717102945697211
39,0,0.3428363642596459
5955,1,0.5897912290262692
385,0,0.31827379597309474
6702,0,0.5919381354198504
7964,0,0.4573648533493475
7294,0,0.45286491937772827
832,0,0.4294045802088802
4186,0,0.5358357869579871
6415,1,0.5935787291472117
3234,0,0.4255438712083211
469,1,0.45477153143756155
9987,0,0.5673772303469445
234,0,0.4552192894292018
1510,1,0.5650247927986672
5369,0,0.3554783807196744
991,1,0.5007040042635371
1865,0,0.501341554692463
9193,0,0.35884713441773913
5587,1,0.5617491525336669
8927,1,0.48286783873709427
1984,1,0.515493840210622
6867,1,0.5623904525626192
3753,0,0.5123636323549129
9665,0,0.5399966010730735
432,1,0.5145425656177532
8378,0,0.5339897293850708
6825,0,0.5365166342087271
9998,0,0.4311912790321617
6438,1,0.347286105717012
6796,0,0.58891856991848
8800,0,0.606123832166876
838,0,0.4541718398426877
3373,0,0.4289135717071722
239,0,0.5927961995090968
7916,0,0.4620854769481402
5823,0,0.5431834928098209
1295,1,0.3512934311994257
7951,0,0.38063715922126445
4051,0,0.5913854018802448
7380,1,0.5875590839321807
3543,0,0.3564476189934354
7364,0,0.60481801683101
7824,0,0.4569458000135465
3133,0,0.4587904633056982
6508,0,0.33120622644670905
1539,0,0.5358336997625436
6575,0,0.5411309557741272
9264,1,0.5942239945315501
7283,1,0.4777519845019907
9690,0,0.5130248395199996
7948,1,0.40375733338453773
9072,0,0.345337216825053
5712,1,0.5358138220399009
3982,1,0.40068171182160345
1406,0,0.4041293558779464
7507,1,0.3438666948151871
2061,0,0.540598772819465
3635,1,0.5880373617749695
3585,0,0.5638991519789737
3950,1,0.4863986705765796
1231,0,0.5377054443780692
8717,0,0.5047623204742056
4988,0,0.48587450818553785
4192,0,0.5671489983647671
3362,0,0.45539320715002335
1504,0,0.6157450069649659
2950,1,0.4811892034323068
6806,1,0.5900971652149103
2058,0,0.4108327461734789
6990,0,0.43121673259980897
822,0,0.40204405443745517
8037,1,0.5867430300693649
4201,1,0.4603083418077619
1497,0,0.539208088891807
3365,1,0.6676866718278793
4584,1,0.4832100003801561
1638,1,0.5057288994666085
2710,0,0.40533605621604474
2937,0,0.5142562073396669
3903,0,0.3739956999951989
6143,0,0.5918765239301619
5905,0,0.5051065367922789
9238,0,0.43059388514351404
3907,0,0.5710549659742574
2824,1,0.48679968266962037
9422,1,0.6154716995037423
523,0,0.359071715246371
2086,1,0.6667319320901252
5798,0,0.5165416806774991
3983,0,0.3490215284679908
5878,1,0.5170096570824609
4221,1,0.573329478728644
9101,1,0.591065456496308
6346,1,0.45886862446654536
3860,0,0.5125593286903094
3396,1,0.5075500524027428
3868,0,0.3838714905458441
328,0,0.38257117179642525
379,1,0.6194195810210749
9182,0,0.4006023244686813
2734,0,0.6678096990794952
5830,1,0.5616036896461464
7930,1,0.6432304349608651
1572,0,0.3906547917109639
3421,1,0.5917340141228639
6860,1,0.6898602444941784
1166,0,0.4332544674528796
3163,0,0.4497390916695153
2997,1,0.5655519138097332
6052,0,0.5078306244669417
4513,0,0.4853837546036719
4535,1,0.5132542384324489
506,0,0.569546079962453
3064,1,0.6147686054270484
7054,1,0.5900514483656695
6801,0,0.4321605684252411
7238,0,0.3522911255928115
